-- Fresh DB-driven checklist rebuild for KEPR Inspection App.
-- Run this in Supabase SQL Editor when you want to replace the old checklist
-- template/item tables. It does not delete inspections, reports, photos, users,
-- services, or properties.

begin;

drop table if exists public.inspection_checklist_items cascade;
drop table if exists public.inspection_checklist_templates cascade;

create table public.inspection_checklist_templates (
  template_key text primary key,
  inspection_kind text not null default 'flat' check (inspection_kind in ('flat', 'individual', 'society')),
  name text not null,
  icon_name text not null default 'home_work',
  sort_order integer not null default 0,
  is_default boolean not null default false,
  is_active boolean not null default true,
  created_at timestamptz not null default now(),
  updated_at timestamptz not null default now()
);

create table public.inspection_checklist_items (
  id text primary key,
  template_key text not null references public.inspection_checklist_templates(template_key) on delete cascade,
  sort_order integer not null default 0,
  name text not null,
  category text not null default 'General',
  inspection_type text not null default '',
  description text not null default '',
  how_to text not null default '',
  equipment_needed text not null default '',
  severity text not null default 'medium' check (severity in ('low', 'medium', 'high', 'critical')),
  is_active boolean not null default true,
  created_at timestamptz not null default now(),
  updated_at timestamptz not null default now()
);

create index inspection_checklist_templates_kind_sort_idx
on public.inspection_checklist_templates(inspection_kind, sort_order);

create index inspection_checklist_items_template_sort_idx
on public.inspection_checklist_items(template_key, sort_order);

create table if not exists public.inspection_app_types (
  inspection_type text primary key,
  display_name text not null,
  code_prefix text not null,
  checklist_kind text not null,
  is_active boolean not null default true,
  created_at timestamptz not null default now(),
  updated_at timestamptz not null default now(),
  check (inspection_type in ('flat', 'individual', 'society')),
  check (checklist_kind in ('flat', 'society'))
);

insert into public.inspection_app_types (
  inspection_type,
  display_name,
  code_prefix,
  checklist_kind,
  is_active
)
values
  ('flat', 'Flat Inspection', 'INF', 'flat', true),
  ('individual', 'Individual Home Inspection', 'INP', 'flat', true),
  ('society', 'Society Inspection', 'INS', 'society', true)
on conflict (inspection_type) do update
set
  display_name = excluded.display_name,
  code_prefix = excluded.code_prefix,
  checklist_kind = excluded.checklist_kind,
  is_active = excluded.is_active,
  updated_at = now();

alter table public.inspection_checklist_templates enable row level security;
alter table public.inspection_checklist_items enable row level security;

create policy "inspection app read checklist templates"
on public.inspection_checklist_templates
for select
to anon, authenticated
using (is_active = true);

create policy "inspection app read checklist items"
on public.inspection_checklist_items
for select
to anon, authenticated
using (is_active = true);

insert into public.inspection_checklist_templates (template_key, name, icon_name, sort_order, is_default, is_active) values ('main-entrance-door', 'Main Entrance Door', 'door_front_door', 0, true, true) on conflict (template_key) do update set name = excluded.name, icon_name = excluded.icon_name, sort_order = excluded.sort_order, is_default = excluded.is_default, is_active = true, updated_at = now();
insert into public.inspection_checklist_items (id, template_key, sort_order, name, category, inspection_type, description, how_to, equipment_needed, severity, is_active) values ('main-entrance-door-1', 'main-entrance-door', 0, 'Test main door deadlock with all keys — lock and unlock smoothly, no stiffness', 'Security & Access', 'Lock & Key Audit', 'Lock & Key Audit. Equipment needed: All door keys.', 'Source: New (Added) —', 'All door keys', 'high', true) on conflict (id) do update set template_key = excluded.template_key, sort_order = excluded.sort_order, name = excluded.name, category = excluded.category, inspection_type = excluded.inspection_type, description = excluded.description, how_to = excluded.how_to, equipment_needed = excluded.equipment_needed, severity = excluded.severity, is_active = true, updated_at = now();
insert into public.inspection_checklist_items (id, template_key, sort_order, name, category, inspection_type, description, how_to, equipment_needed, severity, is_active) values ('main-entrance-door-2', 'main-entrance-door', 1, 'Check door chain / door limiter — attaches firmly and limits opening correctly', 'Security & Access', 'Lock & Key Audit', 'Lock & Key Audit. Equipment needed: Manual check.', 'Source: New (Added) —', 'Manual check', 'high', true) on conflict (id) do update set template_key = excluded.template_key, sort_order = excluded.sort_order, name = excluded.name, category = excluded.category, inspection_type = excluded.inspection_type, description = excluded.description, how_to = excluded.how_to, equipment_needed = excluded.equipment_needed, severity = excluded.severity, is_active = true, updated_at = now();
insert into public.inspection_checklist_items (id, template_key, sort_order, name, category, inspection_type, description, how_to, equipment_needed, severity, is_active) values ('main-entrance-door-3', 'main-entrance-door', 2, 'Inspect door frame and strike plate — no splitting, screws fully seated', 'Security & Access', 'Lock & Key Audit', 'Lock & Key Audit. Equipment needed: Manual check, screwdriver.', 'Source: New (Added) —', 'Manual check, screwdriver', 'high', true) on conflict (id) do update set template_key = excluded.template_key, sort_order = excluded.sort_order, name = excluded.name, category = excluded.category, inspection_type = excluded.inspection_type, description = excluded.description, how_to = excluded.how_to, equipment_needed = excluded.equipment_needed, severity = excluded.severity, is_active = true, updated_at = now();
insert into public.inspection_checklist_items (id, template_key, sort_order, name, category, inspection_type, description, how_to, equipment_needed, severity, is_active) values ('main-entrance-door-4', 'main-entrance-door', 3, 'Verify intercom / video door phone inside unit — can speak and see visitor', 'Security & Access', 'Lock & Key Audit', 'Lock & Key Audit. Equipment needed: Manual check (test call from lobby).', 'Source: New (Added) —', 'Manual check (test call from lobby)', 'high', true) on conflict (id) do update set template_key = excluded.template_key, sort_order = excluded.sort_order, name = excluded.name, category = excluded.category, inspection_type = excluded.inspection_type, description = excluded.description, how_to = excluded.how_to, equipment_needed = excluded.equipment_needed, severity = excluded.severity, is_active = true, updated_at = now();
insert into public.inspection_checklist_items (id, template_key, sort_order, name, category, inspection_type, description, how_to, equipment_needed, severity, is_active) values ('main-entrance-door-5', 'main-entrance-door', 4, 'Check video doorbell or camera — clear image, night vision functional, app connected', 'Security & Access', 'Video Doorbell / Camera Check', 'Video Doorbell / Camera Check. Equipment needed: Manual check, smartphone app.', 'Source: New (Added) —', 'Manual check, smartphone app', 'medium', true) on conflict (id) do update set template_key = excluded.template_key, sort_order = excluded.sort_order, name = excluded.name, category = excluded.category, inspection_type = excluded.inspection_type, description = excluded.description, how_to = excluded.how_to, equipment_needed = excluded.equipment_needed, severity = excluded.severity, is_active = true, updated_at = now();
insert into public.inspection_checklist_items (id, template_key, sort_order, name, category, inspection_type, description, how_to, equipment_needed, severity, is_active) values ('main-entrance-door-6', 'main-entrance-door', 5, 'Inspect door viewer (peephole) and security chain for secure fitting', 'Civil & Structural', 'Door & Window Check', 'Door & Window Check. Equipment needed: Manual check.', 'Source: Unit-Flat Inspection — Inside E Row 67', 'Manual check', 'high', true) on conflict (id) do update set template_key = excluded.template_key, sort_order = excluded.sort_order, name = excluded.name, category = excluded.category, inspection_type = excluded.inspection_type, description = excluded.description, how_to = excluded.how_to, equipment_needed = excluded.equipment_needed, severity = excluded.severity, is_active = true, updated_at = now();
insert into public.inspection_checklist_items (id, template_key, sort_order, name, category, inspection_type, description, how_to, equipment_needed, severity, is_active) values ('main-entrance-door-7', 'main-entrance-door', 6, 'Check door closer — door should close fully at controlled speed without slamming', 'Civil & Structural', 'Door & Window Check', 'Door & Window Check. Equipment needed: Manual check.', 'Source: New (Added) —', 'Manual check', 'medium', true) on conflict (id) do update set template_key = excluded.template_key, sort_order = excluded.sort_order, name = excluded.name, category = excluded.category, inspection_type = excluded.inspection_type, description = excluded.description, how_to = excluded.how_to, equipment_needed = excluded.equipment_needed, severity = excluded.severity, is_active = true, updated_at = now();
insert into public.inspection_checklist_items (id, template_key, sort_order, name, category, inspection_type, description, how_to, equipment_needed, severity, is_active) values ('main-entrance-door-8', 'main-entrance-door', 7, 'Inspect door frame for swelling / warping — door should not require force to close', 'Civil & Structural', 'Door & Window Check', 'Door & Window Check. Equipment needed: Manual check.', 'Source: Unit-Flat Inspection — Inside E Row 62', 'Manual check', 'medium', true) on conflict (id) do update set template_key = excluded.template_key, sort_order = excluded.sort_order, name = excluded.name, category = excluded.category, inspection_type = excluded.inspection_type, description = excluded.description, how_to = excluded.how_to, equipment_needed = excluded.equipment_needed, severity = excluded.severity, is_active = true, updated_at = now();

insert into public.inspection_checklist_templates (template_key, name, icon_name, sort_order, is_default, is_active) values ('living-room', 'Living Room', 'weekend', 1, true, true) on conflict (template_key) do update set name = excluded.name, icon_name = excluded.icon_name, sort_order = excluded.sort_order, is_default = excluded.is_default, is_active = true, updated_at = now();
insert into public.inspection_checklist_items (id, template_key, sort_order, name, category, inspection_type, description, how_to, equipment_needed, severity, is_active) values ('living-room-9', 'living-room', 0, 'Check ceiling fan at full speed for wobble and bearing noise', 'Electrical', 'Fan & Light Fixture Check', 'Fan & Light Fixture Check. Equipment needed: Manual check.', 'Source: Unit-Flat Inspection — Inside E Row 35', 'Manual check', 'medium', true) on conflict (id) do update set template_key = excluded.template_key, sort_order = excluded.sort_order, name = excluded.name, category = excluded.category, inspection_type = excluded.inspection_type, description = excluded.description, how_to = excluded.how_to, equipment_needed = excluded.equipment_needed, severity = excluded.severity, is_active = true, updated_at = now();
insert into public.inspection_checklist_items (id, template_key, sort_order, name, category, inspection_type, description, how_to, equipment_needed, severity, is_active) values ('living-room-10', 'living-room', 1, 'Test all ceiling lights and any wall accent lights — check for flicker', 'Electrical', 'Fan & Light Fixture Check', 'Fan & Light Fixture Check. Equipment needed: Manual check.', 'Source: Unit-Flat Inspection — Inside E Row 36', 'Manual check', 'medium', true) on conflict (id) do update set template_key = excluded.template_key, sort_order = excluded.sort_order, name = excluded.name, category = excluded.category, inspection_type = excluded.inspection_type, description = excluded.description, how_to = excluded.how_to, equipment_needed = excluded.equipment_needed, severity = excluded.severity, is_active = true, updated_at = now();
insert into public.inspection_checklist_items (id, template_key, sort_order, name, category, inspection_type, description, how_to, equipment_needed, severity, is_active) values ('living-room-11', 'living-room', 2, 'Inspect all switch boards — firm click action, no cracked covers, no scorch marks', 'Electrical', 'Switch & Socket Check', 'Switch & Socket Check. Equipment needed: Manual check, plug-in socket tester.', 'Source: Unit-Flat Inspection — Inside E Row 25', 'Manual check, plug-in socket tester', 'high', true) on conflict (id) do update set template_key = excluded.template_key, sort_order = excluded.sort_order, name = excluded.name, category = excluded.category, inspection_type = excluded.inspection_type, description = excluded.description, how_to = excluded.how_to, equipment_needed = excluded.equipment_needed, severity = excluded.severity, is_active = true, updated_at = now();
insert into public.inspection_checklist_items (id, template_key, sort_order, name, category, inspection_type, description, how_to, equipment_needed, severity, is_active) values ('living-room-12', 'living-room', 3, 'Test all socket outlets — no wobble in face plate, no warm-to-touch plates', 'Electrical', 'Switch & Socket Check', 'Switch & Socket Check. Equipment needed: Plug-in socket tester / phone charger.', 'Source: Unit-Flat Inspection — Inside E Row 26', 'Plug-in socket tester / phone charger', 'high', true) on conflict (id) do update set template_key = excluded.template_key, sort_order = excluded.sort_order, name = excluded.name, category = excluded.category, inspection_type = excluded.inspection_type, description = excluded.description, how_to = excluded.how_to, equipment_needed = excluded.equipment_needed, severity = excluded.severity, is_active = true, updated_at = now();
insert into public.inspection_checklist_items (id, template_key, sort_order, name, category, inspection_type, description, how_to, equipment_needed, severity, is_active) values ('living-room-13', 'living-room', 4, 'Inspect AC unit — check for water drip from indoor unit, test remote all modes', 'Electrical', 'AC Unit Check', 'AC Unit Check. Equipment needed: Manual check, AC remote.', 'Source: Unit-Flat Inspection — Inside E Row 41', 'Manual check, AC remote', 'medium', true) on conflict (id) do update set template_key = excluded.template_key, sort_order = excluded.sort_order, name = excluded.name, category = excluded.category, inspection_type = excluded.inspection_type, description = excluded.description, how_to = excluded.how_to, equipment_needed = excluded.equipment_needed, severity = excluded.severity, is_active = true, updated_at = now();
insert into public.inspection_checklist_items (id, template_key, sort_order, name, category, inspection_type, description, how_to, equipment_needed, severity, is_active) values ('living-room-14', 'living-room', 5, 'Pull out AC filter — check dust level; schedule cleaning if grey/black', 'Electrical', 'AC Unit Check', 'AC Unit Check. Equipment needed: Manual check (pull out filter).', 'Source: Unit-Flat Inspection — Inside E Row 42', 'Manual check (pull out filter)', 'medium', true) on conflict (id) do update set template_key = excluded.template_key, sort_order = excluded.sort_order, name = excluded.name, category = excluded.category, inspection_type = excluded.inspection_type, description = excluded.description, how_to = excluded.how_to, equipment_needed = excluded.equipment_needed, severity = excluded.severity, is_active = true, updated_at = now();
insert into public.inspection_checklist_items (id, template_key, sort_order, name, category, inspection_type, description, how_to, equipment_needed, severity, is_active) values ('living-room-15', 'living-room', 6, 'Check AC condensate drain outlet — water discharges freely, no indoor drip', 'Electrical', 'AC Unit Check', 'AC Unit Check. Equipment needed: Manual check, torch.', 'Source: Unit-Flat Inspection — Inside E Row 44', 'Manual check, torch', 'high', true) on conflict (id) do update set template_key = excluded.template_key, sort_order = excluded.sort_order, name = excluded.name, category = excluded.category, inspection_type = excluded.inspection_type, description = excluded.description, how_to = excluded.how_to, equipment_needed = excluded.equipment_needed, severity = excluded.severity, is_active = true, updated_at = now();
insert into public.inspection_checklist_items (id, template_key, sort_order, name, category, inspection_type, description, how_to, equipment_needed, severity, is_active) values ('living-room-16', 'living-room', 7, 'Inspect AC outdoor condenser unit — fins not bent, no debris blocking airflow', 'Electrical', 'AC Unit Check', 'AC Unit Check. Equipment needed: Manual check, soft brush.', 'Source: Unit-Flat Inspection — Inside E Row 43', 'Manual check, soft brush', 'medium', true) on conflict (id) do update set template_key = excluded.template_key, sort_order = excluded.sort_order, name = excluded.name, category = excluded.category, inspection_type = excluded.inspection_type, description = excluded.description, how_to = excluded.how_to, equipment_needed = excluded.equipment_needed, severity = excluded.severity, is_active = true, updated_at = now();
insert into public.inspection_checklist_items (id, template_key, sort_order, name, category, inspection_type, description, how_to, equipment_needed, severity, is_active) values ('living-room-17', 'living-room', 8, 'Check AC electrical isolator switch — accessible, not corroded, operates freely', 'Electrical', 'AC Unit Check', 'AC Unit Check. Equipment needed: Manual check.', 'Source: Unit-Flat Inspection — Inside E Row 46', 'Manual check', 'high', true) on conflict (id) do update set template_key = excluded.template_key, sort_order = excluded.sort_order, name = excluded.name, category = excluded.category, inspection_type = excluded.inspection_type, description = excluded.description, how_to = excluded.how_to, equipment_needed = excluded.equipment_needed, severity = excluded.severity, is_active = true, updated_at = now();
insert into public.inspection_checklist_items (id, template_key, sort_order, name, category, inspection_type, description, how_to, equipment_needed, severity, is_active) values ('living-room-18', 'living-room', 9, 'Tap floor tiles with rubber mallet or coin — hollow sound indicates debonded tile', 'Civil & Structural', 'Flooring Check', 'Flooring Check. Equipment needed: Rubber mallet or coin.', 'Source: Unit-Flat Inspection — Inside E Row 57', 'Rubber mallet or coin', 'medium', true) on conflict (id) do update set template_key = excluded.template_key, sort_order = excluded.sort_order, name = excluded.name, category = excluded.category, inspection_type = excluded.inspection_type, description = excluded.description, how_to = excluded.how_to, equipment_needed = excluded.equipment_needed, severity = excluded.severity, is_active = true, updated_at = now();
insert into public.inspection_checklist_items (id, template_key, sort_order, name, category, inspection_type, description, how_to, equipment_needed, severity, is_active) values ('living-room-19', 'living-room', 10, 'Inspect grout lines on floor tiles for crumbling, discolouration, or mould', 'Civil & Structural', 'Flooring Check', 'Flooring Check. Equipment needed: Manual check, torch.', 'Source: Unit-Flat Inspection — Inside E Row 58', 'Manual check, torch', 'medium', true) on conflict (id) do update set template_key = excluded.template_key, sort_order = excluded.sort_order, name = excluded.name, category = excluded.category, inspection_type = excluded.inspection_type, description = excluded.description, how_to = excluded.how_to, equipment_needed = excluded.equipment_needed, severity = excluded.severity, is_active = true, updated_at = now();
insert into public.inspection_checklist_items (id, template_key, sort_order, name, category, inspection_type, description, how_to, equipment_needed, severity, is_active) values ('living-room-20', 'living-room', 11, 'Check wooden / laminate flooring for lifting, warping, or squeaking boards', 'Civil & Structural', 'Flooring Check', 'Flooring Check. Equipment needed: Manual check (walk across).', 'Source: Unit-Flat Inspection — Inside E Row 59', 'Manual check (walk across)', 'medium', true) on conflict (id) do update set template_key = excluded.template_key, sort_order = excluded.sort_order, name = excluded.name, category = excluded.category, inspection_type = excluded.inspection_type, description = excluded.description, how_to = excluded.how_to, equipment_needed = excluded.equipment_needed, severity = excluded.severity, is_active = true, updated_at = now();
insert into public.inspection_checklist_items (id, template_key, sort_order, name, category, inspection_type, description, how_to, equipment_needed, severity, is_active) values ('living-room-21', 'living-room', 12, 'Inspect skirting boards — no gaps at floor joint, no paint peeling, secure to wall', 'Civil & Structural', 'Flooring Check', 'Flooring Check. Equipment needed: Manual check.', 'Source: Unit-Flat Inspection — Inside E Row 61', 'Manual check', 'low', true) on conflict (id) do update set template_key = excluded.template_key, sort_order = excluded.sort_order, name = excluded.name, category = excluded.category, inspection_type = excluded.inspection_type, description = excluded.description, how_to = excluded.how_to, equipment_needed = excluded.equipment_needed, severity = excluded.severity, is_active = true, updated_at = now();
insert into public.inspection_checklist_items (id, template_key, sort_order, name, category, inspection_type, description, how_to, equipment_needed, severity, is_active) values ('living-room-22', 'living-room', 13, 'Shine torch at 45° along walls to reveal hairline cracks; check window corners', 'Civil & Structural', 'Wall & Ceiling Crack Check', 'Wall & Ceiling Crack Check. Equipment needed: Torch (angled lighting).', 'Source: Unit-Flat Inspection — Inside E Row 50', 'Torch (angled lighting)', 'high', true) on conflict (id) do update set template_key = excluded.template_key, sort_order = excluded.sort_order, name = excluded.name, category = excluded.category, inspection_type = excluded.inspection_type, description = excluded.description, how_to = excluded.how_to, equipment_needed = excluded.equipment_needed, severity = excluded.severity, is_active = true, updated_at = now();
insert into public.inspection_checklist_items (id, template_key, sort_order, name, category, inspection_type, description, how_to, equipment_needed, severity, is_active) values ('living-room-23', 'living-room', 14, 'Measure any crack wider than 0.5mm — document width and date', 'Civil & Structural', 'Wall & Ceiling Crack Check', 'Wall & Ceiling Crack Check. Equipment needed: Crack width gauge or feeler gauge.', 'Source: Unit-Flat Inspection — Inside E Row 51', 'Crack width gauge or feeler gauge', 'high', true) on conflict (id) do update set template_key = excluded.template_key, sort_order = excluded.sort_order, name = excluded.name, category = excluded.category, inspection_type = excluded.inspection_type, description = excluded.description, how_to = excluded.how_to, equipment_needed = excluded.equipment_needed, severity = excluded.severity, is_active = true, updated_at = now();
insert into public.inspection_checklist_items (id, template_key, sort_order, name, category, inspection_type, description, how_to, equipment_needed, severity, is_active) values ('living-room-24', 'living-room', 15, 'Inspect ceiling for brown water stain patches (top floor units — terrace leak)', 'Civil & Structural', 'Wall & Ceiling Crack Check', 'Wall & Ceiling Crack Check. Equipment needed: Torch, moisture meter (optional).', 'Source: Unit-Flat Inspection — Inside E Row 52', 'Torch, moisture meter (optional)', 'critical', true) on conflict (id) do update set template_key = excluded.template_key, sort_order = excluded.sort_order, name = excluded.name, category = excluded.category, inspection_type = excluded.inspection_type, description = excluded.description, how_to = excluded.how_to, equipment_needed = excluded.equipment_needed, severity = excluded.severity, is_active = true, updated_at = now();
insert into public.inspection_checklist_items (id, template_key, sort_order, name, category, inspection_type, description, how_to, equipment_needed, severity, is_active) values ('living-room-25', 'living-room', 16, 'Check for window condensation pooling on sill — sign of poor ventilation', 'HVAC & Ventilation', 'Mould & Condensation Check', 'Mould & Condensation Check. Equipment needed: Manual check, tissue.', 'Source: Unit-Flat Inspection — Inside E Row 114', 'Manual check, tissue', 'medium', true) on conflict (id) do update set template_key = excluded.template_key, sort_order = excluded.sort_order, name = excluded.name, category = excluded.category, inspection_type = excluded.inspection_type, description = excluded.description, how_to = excluded.how_to, equipment_needed = excluded.equipment_needed, severity = excluded.severity, is_active = true, updated_at = now();
insert into public.inspection_checklist_items (id, template_key, sort_order, name, category, inspection_type, description, how_to, equipment_needed, severity, is_active) values ('living-room-26', 'living-room', 17, 'Verify cross-ventilation — windows on opposing sides can open freely', 'HVAC & Ventilation', 'Ventilation Check', 'Ventilation Check. Equipment needed: Manual check.', 'Source: Unit-Flat Inspection — Inside E Row 117', 'Manual check', 'low', true) on conflict (id) do update set template_key = excluded.template_key, sort_order = excluded.sort_order, name = excluded.name, category = excluded.category, inspection_type = excluded.inspection_type, description = excluded.description, how_to = excluded.how_to, equipment_needed = excluded.equipment_needed, severity = excluded.severity, is_active = true, updated_at = now();
insert into public.inspection_checklist_items (id, template_key, sort_order, name, category, inspection_type, description, how_to, equipment_needed, severity, is_active) values ('living-room-27', 'living-room', 18, 'Inspect all window handles, stays, and locking mechanisms — operable without force', 'Civil & Structural', 'Door & Window Check', 'Door & Window Check. Equipment needed: Manual check.', 'Source: Unit-Flat Inspection — Inside E Row 65', 'Manual check', 'medium', true) on conflict (id) do update set template_key = excluded.template_key, sort_order = excluded.sort_order, name = excluded.name, category = excluded.category, inspection_type = excluded.inspection_type, description = excluded.description, how_to = excluded.how_to, equipment_needed = excluded.equipment_needed, severity = excluded.severity, is_active = true, updated_at = now();
insert into public.inspection_checklist_items (id, template_key, sort_order, name, category, inspection_type, description, how_to, equipment_needed, severity, is_active) values ('living-room-28', 'living-room', 19, 'Check mosquito mesh / fly screen on all windows — no tears, seated correctly', 'Civil & Structural', 'Door & Window Check', 'Door & Window Check. Equipment needed: Manual check.', 'Source: Unit-Flat Inspection — Inside E Row 66', 'Manual check', 'low', true) on conflict (id) do update set template_key = excluded.template_key, sort_order = excluded.sort_order, name = excluded.name, category = excluded.category, inspection_type = excluded.inspection_type, description = excluded.description, how_to = excluded.how_to, equipment_needed = excluded.equipment_needed, severity = excluded.severity, is_active = true, updated_at = now();
insert into public.inspection_checklist_items (id, template_key, sort_order, name, category, inspection_type, description, how_to, equipment_needed, severity, is_active) values ('living-room-29', 'living-room', 20, 'Check all sliding door tracks — lubricate, door glides without lifting or jamming', 'Civil & Structural', 'Door & Window Check', 'Door & Window Check. Equipment needed: Manual check, silicone spray.', 'Source: Unit-Flat Inspection — Inside E Row 68', 'Manual check, silicone spray', 'low', true) on conflict (id) do update set template_key = excluded.template_key, sort_order = excluded.sort_order, name = excluded.name, category = excluded.category, inspection_type = excluded.inspection_type, description = excluded.description, how_to = excluded.how_to, equipment_needed = excluded.equipment_needed, severity = excluded.severity, is_active = true, updated_at = now();
insert into public.inspection_checklist_items (id, template_key, sort_order, name, category, inspection_type, description, how_to, equipment_needed, severity, is_active) values ('living-room-30', 'living-room', 21, 'Inspect curtain tracks, blinds, and window coverings — operate correctly', 'Storage & General', 'General Cleanliness Audit', 'General Cleanliness Audit. Equipment needed: Manual check.', 'Source: Unit-Flat Inspection — Inside E Row 137', 'Manual check', 'low', true) on conflict (id) do update set template_key = excluded.template_key, sort_order = excluded.sort_order, name = excluded.name, category = excluded.category, inspection_type = excluded.inspection_type, description = excluded.description, how_to = excluded.how_to, equipment_needed = excluded.equipment_needed, severity = excluded.severity, is_active = true, updated_at = now();
insert into public.inspection_checklist_items (id, template_key, sort_order, name, category, inspection_type, description, how_to, equipment_needed, severity, is_active) values ('living-room-31', 'living-room', 22, 'Check ceiling paint for peeling or staining — photograph and log locations', 'Storage & General', 'General Cleanliness Audit', 'General Cleanliness Audit. Equipment needed: Torch, smartphone camera.', 'Source: Unit-Flat Inspection — Inside E Row 136', 'Torch, smartphone camera', 'low', true) on conflict (id) do update set template_key = excluded.template_key, sort_order = excluded.sort_order, name = excluded.name, category = excluded.category, inspection_type = excluded.inspection_type, description = excluded.description, how_to = excluded.how_to, equipment_needed = excluded.equipment_needed, severity = excluded.severity, is_active = true, updated_at = now();
insert into public.inspection_checklist_items (id, template_key, sort_order, name, category, inspection_type, description, how_to, equipment_needed, severity, is_active) values ('living-room-32', 'living-room', 23, 'Test smoke detector — press test button, alarm sounds within 5 seconds', 'Fire Safety', 'Smoke Detector Check', 'Smoke Detector Check. Equipment needed: Manual check (press test button).', 'Source: Unit-Flat Inspection — Inside E Row 102', 'Manual check (press test button)', 'critical', true) on conflict (id) do update set template_key = excluded.template_key, sort_order = excluded.sort_order, name = excluded.name, category = excluded.category, inspection_type = excluded.inspection_type, description = excluded.description, how_to = excluded.how_to, equipment_needed = excluded.equipment_needed, severity = excluded.severity, is_active = true, updated_at = now();
insert into public.inspection_checklist_items (id, template_key, sort_order, name, category, inspection_type, description, how_to, equipment_needed, severity, is_active) values ('living-room-33', 'living-room', 24, 'Record smoke detector model and installation date — replace after 10 years', 'Fire Safety', 'Smoke Detector Check', 'Smoke Detector Check. Equipment needed: Manual check (back label).', 'Source: Unit-Flat Inspection — Inside E Row 103', 'Manual check (back label)', 'critical', true) on conflict (id) do update set template_key = excluded.template_key, sort_order = excluded.sort_order, name = excluded.name, category = excluded.category, inspection_type = excluded.inspection_type, description = excluded.description, how_to = excluded.how_to, equipment_needed = excluded.equipment_needed, severity = excluded.severity, is_active = true, updated_at = now();
insert into public.inspection_checklist_items (id, template_key, sort_order, name, category, inspection_type, description, how_to, equipment_needed, severity, is_active) values ('living-room-34', 'living-room', 25, 'Note any general maintenance items: scratches, paint touch-up, damaged fixtures', 'Storage & General', 'General Cleanliness Audit', 'General Cleanliness Audit. Equipment needed: Inspection report pad.', 'Source: Unit-Flat Inspection — Inside E Row 135', 'Inspection report pad', 'low', true) on conflict (id) do update set template_key = excluded.template_key, sort_order = excluded.sort_order, name = excluded.name, category = excluded.category, inspection_type = excluded.inspection_type, description = excluded.description, how_to = excluded.how_to, equipment_needed = excluded.equipment_needed, severity = excluded.severity, is_active = true, updated_at = now();

insert into public.inspection_checklist_templates (template_key, name, icon_name, sort_order, is_default, is_active) values ('master-bedroom', 'Master Bedroom', 'bed', 2, true, true) on conflict (template_key) do update set name = excluded.name, icon_name = excluded.icon_name, sort_order = excluded.sort_order, is_default = excluded.is_default, is_active = true, updated_at = now();
insert into public.inspection_checklist_items (id, template_key, sort_order, name, category, inspection_type, description, how_to, equipment_needed, severity, is_active) values ('master-bedroom-35', 'master-bedroom', 0, 'Test ceiling fan — full speed, check for wobble and bearing noise', 'Electrical', 'Fan & Light Fixture Check', 'Fan & Light Fixture Check. Equipment needed: Manual check.', 'Source: Unit-Flat Inspection — Inside E Row 35', 'Manual check', 'medium', true) on conflict (id) do update set template_key = excluded.template_key, sort_order = excluded.sort_order, name = excluded.name, category = excluded.category, inspection_type = excluded.inspection_type, description = excluded.description, how_to = excluded.how_to, equipment_needed = excluded.equipment_needed, severity = excluded.severity, is_active = true, updated_at = now();
insert into public.inspection_checklist_items (id, template_key, sort_order, name, category, inspection_type, description, how_to, equipment_needed, severity, is_active) values ('master-bedroom-36', 'master-bedroom', 1, 'Test all light points including bedside reading lamp and wall-mounted lights', 'Electrical', 'Fan & Light Fixture Check', 'Fan & Light Fixture Check. Equipment needed: Manual check.', 'Source: Unit-Flat Inspection — Inside E Row 37', 'Manual check', 'low', true) on conflict (id) do update set template_key = excluded.template_key, sort_order = excluded.sort_order, name = excluded.name, category = excluded.category, inspection_type = excluded.inspection_type, description = excluded.description, how_to = excluded.how_to, equipment_needed = excluded.equipment_needed, severity = excluded.severity, is_active = true, updated_at = now();
insert into public.inspection_checklist_items (id, template_key, sort_order, name, category, inspection_type, description, how_to, equipment_needed, severity, is_active) values ('master-bedroom-37', 'master-bedroom', 2, 'Inspect all switch boards and socket outlets — no cracks, scorch, wobble', 'Electrical', 'Switch & Socket Check', 'Switch & Socket Check. Equipment needed: Manual check, plug-in socket tester.', 'Source: Unit-Flat Inspection — Inside E Row 25', 'Manual check, plug-in socket tester', 'high', true) on conflict (id) do update set template_key = excluded.template_key, sort_order = excluded.sort_order, name = excluded.name, category = excluded.category, inspection_type = excluded.inspection_type, description = excluded.description, how_to = excluded.how_to, equipment_needed = excluded.equipment_needed, severity = excluded.severity, is_active = true, updated_at = now();
insert into public.inspection_checklist_items (id, template_key, sort_order, name, category, inspection_type, description, how_to, equipment_needed, severity, is_active) values ('master-bedroom-38', 'master-bedroom', 3, 'Inspect AC unit — no indoor water drip, filter condition, cooling efficiency', 'Electrical', 'AC Unit Check', 'AC Unit Check. Equipment needed: Manual check.', 'Source: Unit-Flat Inspection — Inside E Row 41', 'Manual check', 'medium', true) on conflict (id) do update set template_key = excluded.template_key, sort_order = excluded.sort_order, name = excluded.name, category = excluded.category, inspection_type = excluded.inspection_type, description = excluded.description, how_to = excluded.how_to, equipment_needed = excluded.equipment_needed, severity = excluded.severity, is_active = true, updated_at = now();
insert into public.inspection_checklist_items (id, template_key, sort_order, name, category, inspection_type, description, how_to, equipment_needed, severity, is_active) values ('master-bedroom-39', 'master-bedroom', 4, 'Pull out AC filter — check dust block; record for cleaning schedule', 'Electrical', 'AC Unit Check', 'AC Unit Check. Equipment needed: Manual check (pull out filter).', 'Source: Unit-Flat Inspection — Inside E Row 42', 'Manual check (pull out filter)', 'medium', true) on conflict (id) do update set template_key = excluded.template_key, sort_order = excluded.sort_order, name = excluded.name, category = excluded.category, inspection_type = excluded.inspection_type, description = excluded.description, how_to = excluded.how_to, equipment_needed = excluded.equipment_needed, severity = excluded.severity, is_active = true, updated_at = now();
insert into public.inspection_checklist_items (id, template_key, sort_order, name, category, inspection_type, description, how_to, equipment_needed, severity, is_active) values ('master-bedroom-40', 'master-bedroom', 5, 'Check AC condensate drain — discharges freely, no water tracking on wall', 'Electrical', 'AC Unit Check', 'AC Unit Check. Equipment needed: Manual check, torch.', 'Source: Unit-Flat Inspection — Inside E Row 44', 'Manual check, torch', 'high', true) on conflict (id) do update set template_key = excluded.template_key, sort_order = excluded.sort_order, name = excluded.name, category = excluded.category, inspection_type = excluded.inspection_type, description = excluded.description, how_to = excluded.how_to, equipment_needed = excluded.equipment_needed, severity = excluded.severity, is_active = true, updated_at = now();
insert into public.inspection_checklist_items (id, template_key, sort_order, name, category, inspection_type, description, how_to, equipment_needed, severity, is_active) values ('master-bedroom-41', 'master-bedroom', 6, 'Shine torch at 45° along walls — look for hairline cracks, check window corners', 'Civil & Structural', 'Wall & Ceiling Crack Check', 'Wall & Ceiling Crack Check. Equipment needed: Torch (angled lighting).', 'Source: Unit-Flat Inspection — Inside E Row 50', 'Torch (angled lighting)', 'high', true) on conflict (id) do update set template_key = excluded.template_key, sort_order = excluded.sort_order, name = excluded.name, category = excluded.category, inspection_type = excluded.inspection_type, description = excluded.description, how_to = excluded.how_to, equipment_needed = excluded.equipment_needed, severity = excluded.severity, is_active = true, updated_at = now();
insert into public.inspection_checklist_items (id, template_key, sort_order, name, category, inspection_type, description, how_to, equipment_needed, severity, is_active) values ('master-bedroom-42', 'master-bedroom', 7, 'Check ceiling for brown stain patches or plaster bulging', 'Civil & Structural', 'Wall & Ceiling Crack Check', 'Wall & Ceiling Crack Check. Equipment needed: Torch, moisture meter (optional).', 'Source: Unit-Flat Inspection — Inside E Row 52', 'Torch, moisture meter (optional)', 'high', true) on conflict (id) do update set template_key = excluded.template_key, sort_order = excluded.sort_order, name = excluded.name, category = excluded.category, inspection_type = excluded.inspection_type, description = excluded.description, how_to = excluded.how_to, equipment_needed = excluded.equipment_needed, severity = excluded.severity, is_active = true, updated_at = now();
insert into public.inspection_checklist_items (id, template_key, sort_order, name, category, inspection_type, description, how_to, equipment_needed, severity, is_active) values ('master-bedroom-43', 'master-bedroom', 8, 'Tap floor tiles with coin — hollow sound = debonded tile risk', 'Civil & Structural', 'Flooring Check', 'Flooring Check. Equipment needed: Rubber mallet or coin.', 'Source: Unit-Flat Inspection — Inside E Row 57', 'Rubber mallet or coin', 'medium', true) on conflict (id) do update set template_key = excluded.template_key, sort_order = excluded.sort_order, name = excluded.name, category = excluded.category, inspection_type = excluded.inspection_type, description = excluded.description, how_to = excluded.how_to, equipment_needed = excluded.equipment_needed, severity = excluded.severity, is_active = true, updated_at = now();
insert into public.inspection_checklist_items (id, template_key, sort_order, name, category, inspection_type, description, how_to, equipment_needed, severity, is_active) values ('master-bedroom-44', 'master-bedroom', 9, 'Check wooden / laminate flooring for lifting, warping, squeaking boards', 'Civil & Structural', 'Flooring Check', 'Flooring Check. Equipment needed: Manual check (walk across).', 'Source: Unit-Flat Inspection — Inside E Row 59', 'Manual check (walk across)', 'medium', true) on conflict (id) do update set template_key = excluded.template_key, sort_order = excluded.sort_order, name = excluded.name, category = excluded.category, inspection_type = excluded.inspection_type, description = excluded.description, how_to = excluded.how_to, equipment_needed = excluded.equipment_needed, severity = excluded.severity, is_active = true, updated_at = now();
insert into public.inspection_checklist_items (id, template_key, sort_order, name, category, inspection_type, description, how_to, equipment_needed, severity, is_active) values ('master-bedroom-45', 'master-bedroom', 10, 'Inspect door — no scraping, deadlock and latch operate smoothly with key', 'Civil & Structural', 'Door & Window Check', 'Door & Window Check. Equipment needed: Manual check, key.', 'Source: Unit-Flat Inspection — Inside E Row 63', 'Manual check, key', 'high', true) on conflict (id) do update set template_key = excluded.template_key, sort_order = excluded.sort_order, name = excluded.name, category = excluded.category, inspection_type = excluded.inspection_type, description = excluded.description, how_to = excluded.how_to, equipment_needed = excluded.equipment_needed, severity = excluded.severity, is_active = true, updated_at = now();
insert into public.inspection_checklist_items (id, template_key, sort_order, name, category, inspection_type, description, how_to, equipment_needed, severity, is_active) values ('master-bedroom-46', 'master-bedroom', 11, 'Check window seals and handles — rubber seal not brittle, handles lock firmly', 'Civil & Structural', 'Door & Window Check', 'Door & Window Check. Equipment needed: Manual check.', 'Source: Unit-Flat Inspection — Inside E Row 65', 'Manual check', 'medium', true) on conflict (id) do update set template_key = excluded.template_key, sort_order = excluded.sort_order, name = excluded.name, category = excluded.category, inspection_type = excluded.inspection_type, description = excluded.description, how_to = excluded.how_to, equipment_needed = excluded.equipment_needed, severity = excluded.severity, is_active = true, updated_at = now();
insert into public.inspection_checklist_items (id, template_key, sort_order, name, category, inspection_type, description, how_to, equipment_needed, severity, is_active) values ('master-bedroom-47', 'master-bedroom', 12, 'Inspect wardrobe interiors for mould, musty smell, or moisture buildup', 'HVAC & Ventilation', 'Mould & Condensation Check', 'Mould & Condensation Check. Equipment needed: Manual check (smell), moisture meter.', 'Source: Unit-Flat Inspection — Inside E Row 115', 'Manual check (smell), moisture meter', 'medium', true) on conflict (id) do update set template_key = excluded.template_key, sort_order = excluded.sort_order, name = excluded.name, category = excluded.category, inspection_type = excluded.inspection_type, description = excluded.description, how_to = excluded.how_to, equipment_needed = excluded.equipment_needed, severity = excluded.severity, is_active = true, updated_at = now();
insert into public.inspection_checklist_items (id, template_key, sort_order, name, category, inspection_type, description, how_to, equipment_needed, severity, is_active) values ('master-bedroom-48', 'master-bedroom', 13, 'Check exterior wall behind wardrobe for black/green mould spots', 'HVAC & Ventilation', 'Mould & Condensation Check', 'Mould & Condensation Check. Equipment needed: Torch, mirror (to check behind furniture).', 'Source: Unit-Flat Inspection — Inside E Row 113', 'Torch, mirror (to check behind furniture)', 'high', true) on conflict (id) do update set template_key = excluded.template_key, sort_order = excluded.sort_order, name = excluded.name, category = excluded.category, inspection_type = excluded.inspection_type, description = excluded.description, how_to = excluded.how_to, equipment_needed = excluded.equipment_needed, severity = excluded.severity, is_active = true, updated_at = now();
insert into public.inspection_checklist_items (id, template_key, sort_order, name, category, inspection_type, description, how_to, equipment_needed, severity, is_active) values ('master-bedroom-49', 'master-bedroom', 14, 'Inspect mattress seams and headboard joints for bed bug signs', 'Pest Control', 'Bed Bug Check', 'Bed Bug Check. Equipment needed: Torch, gloves, magnifying glass.', 'Source: Unit-Flat Inspection — Inside E Row 98', 'Torch, gloves, magnifying glass', 'high', true) on conflict (id) do update set template_key = excluded.template_key, sort_order = excluded.sort_order, name = excluded.name, category = excluded.category, inspection_type = excluded.inspection_type, description = excluded.description, how_to = excluded.how_to, equipment_needed = excluded.equipment_needed, severity = excluded.severity, is_active = true, updated_at = now();
insert into public.inspection_checklist_items (id, template_key, sort_order, name, category, inspection_type, description, how_to, equipment_needed, severity, is_active) values ('master-bedroom-50', 'master-bedroom', 15, 'Check bed base fabric underside and carpet edge for dark spotting (bed bug frass)', 'Pest Control', 'Bed Bug Check', 'Bed Bug Check. Equipment needed: Torch, gloves.', 'Source: Unit-Flat Inspection — Inside E Row 99', 'Torch, gloves', 'high', true) on conflict (id) do update set template_key = excluded.template_key, sort_order = excluded.sort_order, name = excluded.name, category = excluded.category, inspection_type = excluded.inspection_type, description = excluded.description, how_to = excluded.how_to, equipment_needed = excluded.equipment_needed, severity = excluded.severity, is_active = true, updated_at = now();
insert into public.inspection_checklist_items (id, template_key, sort_order, name, category, inspection_type, description, how_to, equipment_needed, severity, is_active) values ('master-bedroom-51', 'master-bedroom', 16, 'Test smoke detector — press test button, alarm sounds within 5 seconds', 'Fire Safety', 'Smoke Detector Check', 'Smoke Detector Check. Equipment needed: Manual check (press test button).', 'Source: Unit-Flat Inspection — Inside E Row 102', 'Manual check (press test button)', 'critical', true) on conflict (id) do update set template_key = excluded.template_key, sort_order = excluded.sort_order, name = excluded.name, category = excluded.category, inspection_type = excluded.inspection_type, description = excluded.description, how_to = excluded.how_to, equipment_needed = excluded.equipment_needed, severity = excluded.severity, is_active = true, updated_at = now();

insert into public.inspection_checklist_templates (template_key, name, icon_name, sort_order, is_default, is_active) values ('bedroom-2', 'Bedroom 2', 'bed', 3, true, true) on conflict (template_key) do update set name = excluded.name, icon_name = excluded.icon_name, sort_order = excluded.sort_order, is_default = excluded.is_default, is_active = true, updated_at = now();
insert into public.inspection_checklist_items (id, template_key, sort_order, name, category, inspection_type, description, how_to, equipment_needed, severity, is_active) values ('bedroom-2-52', 'bedroom-2', 0, 'Test ceiling fan — full speed, check for wobble and bearing noise', 'Electrical', 'Fan & Light Fixture Check', 'Fan & Light Fixture Check. Equipment needed: Manual check.', 'Source: Unit-Flat Inspection — Inside E Row 35', 'Manual check', 'medium', true) on conflict (id) do update set template_key = excluded.template_key, sort_order = excluded.sort_order, name = excluded.name, category = excluded.category, inspection_type = excluded.inspection_type, description = excluded.description, how_to = excluded.how_to, equipment_needed = excluded.equipment_needed, severity = excluded.severity, is_active = true, updated_at = now();
insert into public.inspection_checklist_items (id, template_key, sort_order, name, category, inspection_type, description, how_to, equipment_needed, severity, is_active) values ('bedroom-2-53', 'bedroom-2', 1, 'Test all light points and bedside / wall lights', 'Electrical', 'Fan & Light Fixture Check', 'Fan & Light Fixture Check. Equipment needed: Manual check.', 'Source: Unit-Flat Inspection — Inside E Row 37', 'Manual check', 'low', true) on conflict (id) do update set template_key = excluded.template_key, sort_order = excluded.sort_order, name = excluded.name, category = excluded.category, inspection_type = excluded.inspection_type, description = excluded.description, how_to = excluded.how_to, equipment_needed = excluded.equipment_needed, severity = excluded.severity, is_active = true, updated_at = now();
insert into public.inspection_checklist_items (id, template_key, sort_order, name, category, inspection_type, description, how_to, equipment_needed, severity, is_active) values ('bedroom-2-54', 'bedroom-2', 2, 'Inspect switch boards and socket outlets — no cracks, scorch, wobble', 'Electrical', 'Switch & Socket Check', 'Switch & Socket Check. Equipment needed: Manual check, plug-in socket tester.', 'Source: Unit-Flat Inspection — Inside E Row 25', 'Manual check, plug-in socket tester', 'high', true) on conflict (id) do update set template_key = excluded.template_key, sort_order = excluded.sort_order, name = excluded.name, category = excluded.category, inspection_type = excluded.inspection_type, description = excluded.description, how_to = excluded.how_to, equipment_needed = excluded.equipment_needed, severity = excluded.severity, is_active = true, updated_at = now();
insert into public.inspection_checklist_items (id, template_key, sort_order, name, category, inspection_type, description, how_to, equipment_needed, severity, is_active) values ('bedroom-2-55', 'bedroom-2', 3, 'Inspect AC unit (if fitted) — no indoor water drip, test all remote modes', 'Electrical', 'AC Unit Check', 'AC Unit Check. Equipment needed: Manual check, AC remote.', 'Source: Unit-Flat Inspection — Inside E Row 41', 'Manual check, AC remote', 'medium', true) on conflict (id) do update set template_key = excluded.template_key, sort_order = excluded.sort_order, name = excluded.name, category = excluded.category, inspection_type = excluded.inspection_type, description = excluded.description, how_to = excluded.how_to, equipment_needed = excluded.equipment_needed, severity = excluded.severity, is_active = true, updated_at = now();
insert into public.inspection_checklist_items (id, template_key, sort_order, name, category, inspection_type, description, how_to, equipment_needed, severity, is_active) values ('bedroom-2-56', 'bedroom-2', 4, 'Shine torch at 45° along walls — check for hairline cracks at corners', 'Civil & Structural', 'Wall & Ceiling Crack Check', 'Wall & Ceiling Crack Check. Equipment needed: Torch (angled lighting).', 'Source: Unit-Flat Inspection — Inside E Row 50', 'Torch (angled lighting)', 'high', true) on conflict (id) do update set template_key = excluded.template_key, sort_order = excluded.sort_order, name = excluded.name, category = excluded.category, inspection_type = excluded.inspection_type, description = excluded.description, how_to = excluded.how_to, equipment_needed = excluded.equipment_needed, severity = excluded.severity, is_active = true, updated_at = now();
insert into public.inspection_checklist_items (id, template_key, sort_order, name, category, inspection_type, description, how_to, equipment_needed, severity, is_active) values ('bedroom-2-57', 'bedroom-2', 5, 'Tap floor tiles with coin — solid sound expected; hollow = debonded', 'Civil & Structural', 'Flooring Check', 'Flooring Check. Equipment needed: Rubber mallet or coin.', 'Source: Unit-Flat Inspection — Inside E Row 57', 'Rubber mallet or coin', 'medium', true) on conflict (id) do update set template_key = excluded.template_key, sort_order = excluded.sort_order, name = excluded.name, category = excluded.category, inspection_type = excluded.inspection_type, description = excluded.description, how_to = excluded.how_to, equipment_needed = excluded.equipment_needed, severity = excluded.severity, is_active = true, updated_at = now();
insert into public.inspection_checklist_items (id, template_key, sort_order, name, category, inspection_type, description, how_to, equipment_needed, severity, is_active) values ('bedroom-2-58', 'bedroom-2', 6, 'Inspect door lock and hinge — no scraping, smooth operation', 'Civil & Structural', 'Door & Window Check', 'Door & Window Check. Equipment needed: Manual check, key.', 'Source: Unit-Flat Inspection — Inside E Row 63', 'Manual check, key', 'high', true) on conflict (id) do update set template_key = excluded.template_key, sort_order = excluded.sort_order, name = excluded.name, category = excluded.category, inspection_type = excluded.inspection_type, description = excluded.description, how_to = excluded.how_to, equipment_needed = excluded.equipment_needed, severity = excluded.severity, is_active = true, updated_at = now();
insert into public.inspection_checklist_items (id, template_key, sort_order, name, category, inspection_type, description, how_to, equipment_needed, severity, is_active) values ('bedroom-2-59', 'bedroom-2', 7, 'Check window seals, handles, and mosquito mesh condition', 'Civil & Structural', 'Door & Window Check', 'Door & Window Check. Equipment needed: Manual check.', 'Source: Unit-Flat Inspection — Inside E Row 65', 'Manual check', 'medium', true) on conflict (id) do update set template_key = excluded.template_key, sort_order = excluded.sort_order, name = excluded.name, category = excluded.category, inspection_type = excluded.inspection_type, description = excluded.description, how_to = excluded.how_to, equipment_needed = excluded.equipment_needed, severity = excluded.severity, is_active = true, updated_at = now();
insert into public.inspection_checklist_items (id, template_key, sort_order, name, category, inspection_type, description, how_to, equipment_needed, severity, is_active) values ('bedroom-2-60', 'bedroom-2', 8, 'Inspect wardrobe/storage for mould signs and check exterior wall behind', 'HVAC & Ventilation', 'Mould & Condensation Check', 'Mould & Condensation Check. Equipment needed: Manual check, moisture meter.', 'Source: Unit-Flat Inspection — Inside E Row 115', 'Manual check, moisture meter', 'medium', true) on conflict (id) do update set template_key = excluded.template_key, sort_order = excluded.sort_order, name = excluded.name, category = excluded.category, inspection_type = excluded.inspection_type, description = excluded.description, how_to = excluded.how_to, equipment_needed = excluded.equipment_needed, severity = excluded.severity, is_active = true, updated_at = now();
insert into public.inspection_checklist_items (id, template_key, sort_order, name, category, inspection_type, description, how_to, equipment_needed, severity, is_active) values ('bedroom-2-61', 'bedroom-2', 9, 'Inspect mattress seams and headboard for bed bug signs', 'Pest Control', 'Bed Bug Check', 'Bed Bug Check. Equipment needed: Torch, gloves, magnifying glass.', 'Source: Unit-Flat Inspection — Inside E Row 98', 'Torch, gloves, magnifying glass', 'high', true) on conflict (id) do update set template_key = excluded.template_key, sort_order = excluded.sort_order, name = excluded.name, category = excluded.category, inspection_type = excluded.inspection_type, description = excluded.description, how_to = excluded.how_to, equipment_needed = excluded.equipment_needed, severity = excluded.severity, is_active = true, updated_at = now();
insert into public.inspection_checklist_items (id, template_key, sort_order, name, category, inspection_type, description, how_to, equipment_needed, severity, is_active) values ('bedroom-2-62', 'bedroom-2', 10, 'Test smoke detector (if installed) — alarm sounds within 5 seconds', 'Fire Safety', 'Smoke Detector Check', 'Smoke Detector Check. Equipment needed: Manual check (press test button).', 'Source: Unit-Flat Inspection — Inside E Row 102', 'Manual check (press test button)', 'critical', true) on conflict (id) do update set template_key = excluded.template_key, sort_order = excluded.sort_order, name = excluded.name, category = excluded.category, inspection_type = excluded.inspection_type, description = excluded.description, how_to = excluded.how_to, equipment_needed = excluded.equipment_needed, severity = excluded.severity, is_active = true, updated_at = now();

insert into public.inspection_checklist_templates (template_key, name, icon_name, sort_order, is_default, is_active) values ('master-bathroom', 'Master Bathroom', 'bathroom', 4, false, true) on conflict (template_key) do update set name = excluded.name, icon_name = excluded.icon_name, sort_order = excluded.sort_order, is_default = excluded.is_default, is_active = true, updated_at = now();
insert into public.inspection_checklist_items (id, template_key, sort_order, name, category, inspection_type, description, how_to, equipment_needed, severity, is_active) values ('master-bathroom-63', 'master-bathroom', 0, 'Turn on taps fully — check for drips when closed, low pressure, aerator blockage', 'Plumbing & Water', 'Tap & Faucet Check', 'Tap & Faucet Check. Equipment needed: Manual check, screwdriver.', 'Source: Unit-Flat Inspection — Inside E Row 1', 'Manual check, screwdriver', 'medium', true) on conflict (id) do update set template_key = excluded.template_key, sort_order = excluded.sort_order, name = excluded.name, category = excluded.category, inspection_type = excluded.inspection_type, description = excluded.description, how_to = excluded.how_to, equipment_needed = excluded.equipment_needed, severity = excluded.severity, is_active = true, updated_at = now();
insert into public.inspection_checklist_items (id, template_key, sort_order, name, category, inspection_type, description, how_to, equipment_needed, severity, is_active) values ('master-bathroom-64', 'master-bathroom', 1, 'Test hot and cold mix — temperature blends correctly from mixer tap', 'Plumbing & Water', 'Tap & Faucet Check', 'Tap & Faucet Check. Equipment needed: Manual check, thermometer (optional).', 'Source: New (Added) —', 'Manual check, thermometer (optional)', 'medium', true) on conflict (id) do update set template_key = excluded.template_key, sort_order = excluded.sort_order, name = excluded.name, category = excluded.category, inspection_type = excluded.inspection_type, description = excluded.description, how_to = excluded.how_to, equipment_needed = excluded.equipment_needed, severity = excluded.severity, is_active = true, updated_at = now();
insert into public.inspection_checklist_items (id, template_key, sort_order, name, category, inspection_type, description, how_to, equipment_needed, severity, is_active) values ('master-bathroom-65', 'master-bathroom', 2, 'Check tap handles for loose fixings or cracked ceramic', 'Plumbing & Water', 'Tap & Faucet Check', 'Tap & Faucet Check. Equipment needed: Manual check, screwdriver.', 'Source: New (Added) —', 'Manual check, screwdriver', 'low', true) on conflict (id) do update set template_key = excluded.template_key, sort_order = excluded.sort_order, name = excluded.name, category = excluded.category, inspection_type = excluded.inspection_type, description = excluded.description, how_to = excluded.how_to, equipment_needed = excluded.equipment_needed, severity = excluded.severity, is_active = true, updated_at = now();
insert into public.inspection_checklist_items (id, template_key, sort_order, name, category, inspection_type, description, how_to, equipment_needed, severity, is_active) values ('master-bathroom-66', 'master-bathroom', 3, 'Flush toilet — cistern refills within 60 seconds, no phantom flushing sound', 'Plumbing & Water', 'Flush & WC Check', 'Flush & WC Check. Equipment needed: Manual check.', 'Source: Unit-Flat Inspection — Inside E Row 5', 'Manual check', 'high', true) on conflict (id) do update set template_key = excluded.template_key, sort_order = excluded.sort_order, name = excluded.name, category = excluded.category, inspection_type = excluded.inspection_type, description = excluded.description, how_to = excluded.how_to, equipment_needed = excluded.equipment_needed, severity = excluded.severity, is_active = true, updated_at = now();
insert into public.inspection_checklist_items (id, template_key, sort_order, name, category, inspection_type, description, how_to, equipment_needed, severity, is_active) values ('master-bathroom-67', 'master-bathroom', 4, 'Check toilet base seal — no odour or dampness around base', 'Plumbing & Water', 'Flush & WC Check', 'Flush & WC Check. Equipment needed: Manual check, torch.', 'Source: Unit-Flat Inspection — Inside E Row 6', 'Manual check, torch', 'high', true) on conflict (id) do update set template_key = excluded.template_key, sort_order = excluded.sort_order, name = excluded.name, category = excluded.category, inspection_type = excluded.inspection_type, description = excluded.description, how_to = excluded.how_to, equipment_needed = excluded.equipment_needed, severity = excluded.severity, is_active = true, updated_at = now();
insert into public.inspection_checklist_items (id, template_key, sort_order, name, category, inspection_type, description, how_to, equipment_needed, severity, is_active) values ('master-bathroom-68', 'master-bathroom', 5, 'Inspect toilet bowl for cracks, staining, and rim jet blockage', 'Plumbing & Water', 'Flush & WC Check', 'Flush & WC Check. Equipment needed: Manual check, torch, gloves.', 'Source: Unit-Flat Inspection — Inside E Row 7', 'Manual check, torch, gloves', 'medium', true) on conflict (id) do update set template_key = excluded.template_key, sort_order = excluded.sort_order, name = excluded.name, category = excluded.category, inspection_type = excluded.inspection_type, description = excluded.description, how_to = excluded.how_to, equipment_needed = excluded.equipment_needed, severity = excluded.severity, is_active = true, updated_at = now();
insert into public.inspection_checklist_items (id, template_key, sort_order, name, category, inspection_type, description, how_to, equipment_needed, severity, is_active) values ('master-bathroom-69', 'master-bathroom', 6, 'Check flush inlet valve — no continuous hissing or water hammer noise', 'Plumbing & Water', 'Flush & WC Check', 'Flush & WC Check. Equipment needed: Manual check (listen carefully).', 'Source: Unit-Flat Inspection — Inside E Row 9', 'Manual check (listen carefully)', 'medium', true) on conflict (id) do update set template_key = excluded.template_key, sort_order = excluded.sort_order, name = excluded.name, category = excluded.category, inspection_type = excluded.inspection_type, description = excluded.description, how_to = excluded.how_to, equipment_needed = excluded.equipment_needed, severity = excluded.severity, is_active = true, updated_at = now();
insert into public.inspection_checklist_items (id, template_key, sort_order, name, category, inspection_type, description, how_to, equipment_needed, severity, is_active) values ('master-bathroom-70', 'master-bathroom', 7, 'Test toilet paper holder, towel rail, brush holder — secure wall fixing', 'Plumbing & Water', 'Flush & WC Check', 'Flush & WC Check. Equipment needed: Manual check.', 'Source: Unit-Flat Inspection — Inside E Row 8', 'Manual check', 'low', true) on conflict (id) do update set template_key = excluded.template_key, sort_order = excluded.sort_order, name = excluded.name, category = excluded.category, inspection_type = excluded.inspection_type, description = excluded.description, how_to = excluded.how_to, equipment_needed = excluded.equipment_needed, severity = excluded.severity, is_active = true, updated_at = now();
insert into public.inspection_checklist_items (id, template_key, sort_order, name, category, inspection_type, description, how_to, equipment_needed, severity, is_active) values ('master-bathroom-71', 'master-bathroom', 8, 'Pour 5 litres into drain — drain within 10 seconds; gurgling = blockage', 'Plumbing & Water', 'Drain Flow Check', 'Drain Flow Check. Equipment needed: Manual check, bucket of water.', 'Source: Unit-Flat Inspection — Inside E Row 10', 'Manual check, bucket of water', 'medium', true) on conflict (id) do update set template_key = excluded.template_key, sort_order = excluded.sort_order, name = excluded.name, category = excluded.category, inspection_type = excluded.inspection_type, description = excluded.description, how_to = excluded.how_to, equipment_needed = excluded.equipment_needed, severity = excluded.severity, is_active = true, updated_at = now();
insert into public.inspection_checklist_items (id, template_key, sort_order, name, category, inspection_type, description, how_to, equipment_needed, severity, is_active) values ('master-bathroom-72', 'master-bathroom', 9, 'Remove floor drain cover — check for hair/soap blockage', 'Plumbing & Water', 'Drain Flow Check', 'Drain Flow Check. Equipment needed: Gloves, small wire hook.', 'Source: Unit-Flat Inspection — Inside E Row 11', 'Gloves, small wire hook', 'medium', true) on conflict (id) do update set template_key = excluded.template_key, sort_order = excluded.sort_order, name = excluded.name, category = excluded.category, inspection_type = excluded.inspection_type, description = excluded.description, how_to = excluded.how_to, equipment_needed = excluded.equipment_needed, severity = excluded.severity, is_active = true, updated_at = now();
insert into public.inspection_checklist_items (id, template_key, sort_order, name, category, inspection_type, description, how_to, equipment_needed, severity, is_active) values ('master-bathroom-73', 'master-bathroom', 10, 'Inspect geyser for leakage from PRV, rust staining at base, body corrosion', 'Plumbing & Water', 'Water Heater / Geyser Check', 'Water Heater / Geyser Check. Equipment needed: Manual check, torch.', 'Source: Unit-Flat Inspection — Inside E Row 14', 'Manual check, torch', 'high', true) on conflict (id) do update set template_key = excluded.template_key, sort_order = excluded.sort_order, name = excluded.name, category = excluded.category, inspection_type = excluded.inspection_type, description = excluded.description, how_to = excluded.how_to, equipment_needed = excluded.equipment_needed, severity = excluded.severity, is_active = true, updated_at = now();
insert into public.inspection_checklist_items (id, template_key, sort_order, name, category, inspection_type, description, how_to, equipment_needed, severity, is_active) values ('master-bathroom-74', 'master-bathroom', 11, 'Record geyser manufacturing date — flag units older than 8 years', 'Plumbing & Water', 'Water Heater / Geyser Check', 'Water Heater / Geyser Check. Equipment needed: Manual check (label inside cover).', 'Source: Unit-Flat Inspection — Inside E Row 15', 'Manual check (label inside cover)', 'medium', true) on conflict (id) do update set template_key = excluded.template_key, sort_order = excluded.sort_order, name = excluded.name, category = excluded.category, inspection_type = excluded.inspection_type, description = excluded.description, how_to = excluded.how_to, equipment_needed = excluded.equipment_needed, severity = excluded.severity, is_active = true, updated_at = now();
insert into public.inspection_checklist_items (id, template_key, sort_order, name, category, inspection_type, description, how_to, equipment_needed, severity, is_active) values ('master-bathroom-75', 'master-bathroom', 12, 'Check geyser thermostat — should not exceed 60°C to prevent scalding', 'Plumbing & Water', 'Water Heater / Geyser Check', 'Water Heater / Geyser Check. Equipment needed: Manual check, thermometer.', 'Source: Unit-Flat Inspection — Inside E Row 16', 'Manual check, thermometer', 'high', true) on conflict (id) do update set template_key = excluded.template_key, sort_order = excluded.sort_order, name = excluded.name, category = excluded.category, inspection_type = excluded.inspection_type, description = excluded.description, how_to = excluded.how_to, equipment_needed = excluded.equipment_needed, severity = excluded.severity, is_active = true, updated_at = now();
insert into public.inspection_checklist_items (id, template_key, sort_order, name, category, inspection_type, description, how_to, equipment_needed, severity, is_active) values ('master-bathroom-76', 'master-bathroom', 13, 'Inspect geyser earth wire connection and RCD/ELCB operation', 'Plumbing & Water', 'Water Heater / Geyser Check', 'Water Heater / Geyser Check. Equipment needed: Manual check, screwdriver.', 'Source: Unit-Flat Inspection — Inside E Row 17', 'Manual check, screwdriver', 'critical', true) on conflict (id) do update set template_key = excluded.template_key, sort_order = excluded.sort_order, name = excluded.name, category = excluded.category, inspection_type = excluded.inspection_type, description = excluded.description, how_to = excluded.how_to, equipment_needed = excluded.equipment_needed, severity = excluded.severity, is_active = true, updated_at = now();
insert into public.inspection_checklist_items (id, template_key, sort_order, name, category, inspection_type, description, how_to, equipment_needed, severity, is_active) values ('master-bathroom-77', 'master-bathroom', 14, 'Open under-vanity cabinet — check pipe joints with dry paper towel for moisture', 'Plumbing & Water', 'Pipe Leakage Scan', 'Pipe Leakage Scan. Equipment needed: Torch, paper towel.', 'Source: Unit-Flat Inspection — Inside E Row 18', 'Torch, paper towel', 'high', true) on conflict (id) do update set template_key = excluded.template_key, sort_order = excluded.sort_order, name = excluded.name, category = excluded.category, inspection_type = excluded.inspection_type, description = excluded.description, how_to = excluded.how_to, equipment_needed = excluded.equipment_needed, severity = excluded.severity, is_active = true, updated_at = now();
insert into public.inspection_checklist_items (id, template_key, sort_order, name, category, inspection_type, description, how_to, equipment_needed, severity, is_active) values ('master-bathroom-78', 'master-bathroom', 15, 'Inspect shower enclosure base tray and door seal — no water tracking outside', 'Plumbing & Water', 'Pipe Leakage Scan', 'Pipe Leakage Scan. Equipment needed: Manual check, paper towel.', 'Source: Unit-Flat Inspection — Inside E Row 20', 'Manual check, paper towel', 'high', true) on conflict (id) do update set template_key = excluded.template_key, sort_order = excluded.sort_order, name = excluded.name, category = excluded.category, inspection_type = excluded.inspection_type, description = excluded.description, how_to = excluded.how_to, equipment_needed = excluded.equipment_needed, severity = excluded.severity, is_active = true, updated_at = now();
insert into public.inspection_checklist_items (id, template_key, sort_order, name, category, inspection_type, description, how_to, equipment_needed, severity, is_active) values ('master-bathroom-79', 'master-bathroom', 16, 'Check tile grout lines on walls — crumbling grout allows water behind tiles', 'Civil & Structural', 'Wall & Ceiling Crack Check', 'Wall & Ceiling Crack Check. Equipment needed: Manual check, screwdriver (gentle probe).', 'Source: Unit-Flat Inspection — Inside E Row 53', 'Manual check, screwdriver (gentle probe)', 'medium', true) on conflict (id) do update set template_key = excluded.template_key, sort_order = excluded.sort_order, name = excluded.name, category = excluded.category, inspection_type = excluded.inspection_type, description = excluded.description, how_to = excluded.how_to, equipment_needed = excluded.equipment_needed, severity = excluded.severity, is_active = true, updated_at = now();
insert into public.inspection_checklist_items (id, template_key, sort_order, name, category, inspection_type, description, how_to, equipment_needed, severity, is_active) values ('master-bathroom-80', 'master-bathroom', 17, 'Press hand on bathroom-adjacent wall — cold/clammy = active seepage', 'Civil & Structural', 'Seepage & Damp Check', 'Seepage & Damp Check. Equipment needed: Manual check, moisture meter.', 'Source: Unit-Flat Inspection — Inside E Row 54', 'Manual check, moisture meter', 'high', true) on conflict (id) do update set template_key = excluded.template_key, sort_order = excluded.sort_order, name = excluded.name, category = excluded.category, inspection_type = excluded.inspection_type, description = excluded.description, how_to = excluded.how_to, equipment_needed = excluded.equipment_needed, severity = excluded.severity, is_active = true, updated_at = now();
insert into public.inspection_checklist_items (id, template_key, sort_order, name, category, inspection_type, description, how_to, equipment_needed, severity, is_active) values ('master-bathroom-81', 'master-bathroom', 18, 'Check for white efflorescence deposits at wall base — indicates water wicking', 'Civil & Structural', 'Seepage & Damp Check', 'Seepage & Damp Check. Equipment needed: Manual check, torch.', 'Source: Unit-Flat Inspection — Inside E Row 56', 'Manual check, torch', 'medium', true) on conflict (id) do update set template_key = excluded.template_key, sort_order = excluded.sort_order, name = excluded.name, category = excluded.category, inspection_type = excluded.inspection_type, description = excluded.description, how_to = excluded.how_to, equipment_needed = excluded.equipment_needed, severity = excluded.severity, is_active = true, updated_at = now();
insert into public.inspection_checklist_items (id, template_key, sort_order, name, category, inspection_type, description, how_to, equipment_needed, severity, is_active) values ('master-bathroom-82', 'master-bathroom', 19, 'Wet bathroom floor tiles and walk — verify non-slip rating is adequate', 'Civil & Structural', 'Flooring Check', 'Flooring Check. Equipment needed: Manual check (wet test).', 'Source: Unit-Flat Inspection — Inside E Row 60', 'Manual check (wet test)', 'high', true) on conflict (id) do update set template_key = excluded.template_key, sort_order = excluded.sort_order, name = excluded.name, category = excluded.category, inspection_type = excluded.inspection_type, description = excluded.description, how_to = excluded.how_to, equipment_needed = excluded.equipment_needed, severity = excluded.severity, is_active = true, updated_at = now();
insert into public.inspection_checklist_items (id, template_key, sort_order, name, category, inspection_type, description, how_to, equipment_needed, severity, is_active) values ('master-bathroom-83', 'master-bathroom', 20, 'Inspect bathroom ceiling corners and behind cistern for mould (black spots)', 'HVAC & Ventilation', 'Mould & Condensation Check', 'Mould & Condensation Check. Equipment needed: Torch, mirror.', 'Source: Unit-Flat Inspection — Inside E Row 113', 'Torch, mirror', 'high', true) on conflict (id) do update set template_key = excluded.template_key, sort_order = excluded.sort_order, name = excluded.name, category = excluded.category, inspection_type = excluded.inspection_type, description = excluded.description, how_to = excluded.how_to, equipment_needed = excluded.equipment_needed, severity = excluded.severity, is_active = true, updated_at = now();
insert into public.inspection_checklist_items (id, template_key, sort_order, name, category, inspection_type, description, how_to, equipment_needed, severity, is_active) values ('master-bathroom-84', 'master-bathroom', 21, 'Check exhaust fan — starts within 3 seconds, blades clean, louvre flap opens', 'HVAC & Ventilation', 'Bathroom Exhaust Fan Check', 'Bathroom Exhaust Fan Check. Equipment needed: Manual check, screwdriver.', 'Source: Unit-Flat Inspection — Inside E Row 110', 'Manual check, screwdriver', 'low', true) on conflict (id) do update set template_key = excluded.template_key, sort_order = excluded.sort_order, name = excluded.name, category = excluded.category, inspection_type = excluded.inspection_type, description = excluded.description, how_to = excluded.how_to, equipment_needed = excluded.equipment_needed, severity = excluded.severity, is_active = true, updated_at = now();
insert into public.inspection_checklist_items (id, template_key, sort_order, name, category, inspection_type, description, how_to, equipment_needed, severity, is_active) values ('master-bathroom-85', 'master-bathroom', 22, 'Test exhaust fan timer or humidity sensor switch', 'HVAC & Ventilation', 'Bathroom Exhaust Fan Check', 'Bathroom Exhaust Fan Check. Equipment needed: Manual check.', 'Source: Unit-Flat Inspection — Inside E Row 111', 'Manual check', 'low', true) on conflict (id) do update set template_key = excluded.template_key, sort_order = excluded.sort_order, name = excluded.name, category = excluded.category, inspection_type = excluded.inspection_type, description = excluded.description, how_to = excluded.how_to, equipment_needed = excluded.equipment_needed, severity = excluded.severity, is_active = true, updated_at = now();
insert into public.inspection_checklist_items (id, template_key, sort_order, name, category, inspection_type, description, how_to, equipment_needed, severity, is_active) values ('master-bathroom-86', 'master-bathroom', 23, 'Verify light fitting is IP44 moisture-zone rated', 'Electrical', 'Fan & Light Fixture Check', 'Fan & Light Fixture Check. Equipment needed: Manual check (check IP rating label).', 'Source: Unit-Flat Inspection — Inside E Row 39', 'Manual check (check IP rating label)', 'high', true) on conflict (id) do update set template_key = excluded.template_key, sort_order = excluded.sort_order, name = excluded.name, category = excluded.category, inspection_type = excluded.inspection_type, description = excluded.description, how_to = excluded.how_to, equipment_needed = excluded.equipment_needed, severity = excluded.severity, is_active = true, updated_at = now();
insert into public.inspection_checklist_items (id, template_key, sort_order, name, category, inspection_type, description, how_to, equipment_needed, severity, is_active) values ('master-bathroom-87', 'master-bathroom', 24, 'Check no standard sockets inside bathroom (shaver socket only permitted)', 'Electrical', 'Switch & Socket Check', 'Switch & Socket Check. Equipment needed: Manual check.', 'Source: Unit-Flat Inspection — Inside E Row 28', 'Manual check', 'critical', true) on conflict (id) do update set template_key = excluded.template_key, sort_order = excluded.sort_order, name = excluded.name, category = excluded.category, inspection_type = excluded.inspection_type, description = excluded.description, how_to = excluded.how_to, equipment_needed = excluded.equipment_needed, severity = excluded.severity, is_active = true, updated_at = now();
insert into public.inspection_checklist_items (id, template_key, sort_order, name, category, inspection_type, description, how_to, equipment_needed, severity, is_active) values ('master-bathroom-88', 'master-bathroom', 25, 'Check for mosquito breeding — AC condensate tray and standing water points', 'Pest Control', 'Mosquito Breeding Check', 'Mosquito Breeding Check. Equipment needed: Manual check.', 'Source: Unit-Flat Inspection — Inside E Row 95', 'Manual check', 'high', true) on conflict (id) do update set template_key = excluded.template_key, sort_order = excluded.sort_order, name = excluded.name, category = excluded.category, inspection_type = excluded.inspection_type, description = excluded.description, how_to = excluded.how_to, equipment_needed = excluded.equipment_needed, severity = excluded.severity, is_active = true, updated_at = now();

insert into public.inspection_checklist_templates (template_key, name, icon_name, sort_order, is_default, is_active) values ('bathroom-2', 'Bathroom 2', 'bathroom', 5, false, true) on conflict (template_key) do update set name = excluded.name, icon_name = excluded.icon_name, sort_order = excluded.sort_order, is_default = excluded.is_default, is_active = true, updated_at = now();
insert into public.inspection_checklist_items (id, template_key, sort_order, name, category, inspection_type, description, how_to, equipment_needed, severity, is_active) values ('bathroom-2-89', 'bathroom-2', 0, 'Turn on taps fully — check for drips, low pressure, aerator blockage', 'Plumbing & Water', 'Tap & Faucet Check', 'Tap & Faucet Check. Equipment needed: Manual check, screwdriver.', 'Source: Unit-Flat Inspection — Inside E Row 1', 'Manual check, screwdriver', 'medium', true) on conflict (id) do update set template_key = excluded.template_key, sort_order = excluded.sort_order, name = excluded.name, category = excluded.category, inspection_type = excluded.inspection_type, description = excluded.description, how_to = excluded.how_to, equipment_needed = excluded.equipment_needed, severity = excluded.severity, is_active = true, updated_at = now();
insert into public.inspection_checklist_items (id, template_key, sort_order, name, category, inspection_type, description, how_to, equipment_needed, severity, is_active) values ('bathroom-2-90', 'bathroom-2', 1, 'Flush toilet — cistern refills within 60 seconds, no phantom flushing', 'Plumbing & Water', 'Flush & WC Check', 'Flush & WC Check. Equipment needed: Manual check.', 'Source: Unit-Flat Inspection — Inside E Row 5', 'Manual check', 'high', true) on conflict (id) do update set template_key = excluded.template_key, sort_order = excluded.sort_order, name = excluded.name, category = excluded.category, inspection_type = excluded.inspection_type, description = excluded.description, how_to = excluded.how_to, equipment_needed = excluded.equipment_needed, severity = excluded.severity, is_active = true, updated_at = now();
insert into public.inspection_checklist_items (id, template_key, sort_order, name, category, inspection_type, description, how_to, equipment_needed, severity, is_active) values ('bathroom-2-91', 'bathroom-2', 2, 'Check toilet base seal and bowl for cracks or staining', 'Plumbing & Water', 'Flush & WC Check', 'Flush & WC Check. Equipment needed: Manual check, torch.', 'Source: Unit-Flat Inspection — Inside E Row 6', 'Manual check, torch', 'high', true) on conflict (id) do update set template_key = excluded.template_key, sort_order = excluded.sort_order, name = excluded.name, category = excluded.category, inspection_type = excluded.inspection_type, description = excluded.description, how_to = excluded.how_to, equipment_needed = excluded.equipment_needed, severity = excluded.severity, is_active = true, updated_at = now();
insert into public.inspection_checklist_items (id, template_key, sort_order, name, category, inspection_type, description, how_to, equipment_needed, severity, is_active) values ('bathroom-2-92', 'bathroom-2', 3, 'Pour 5 litres into drain — check speed; remove cover, clear hair/soap block', 'Plumbing & Water', 'Drain Flow Check', 'Drain Flow Check. Equipment needed: Manual check, bucket, gloves.', 'Source: Unit-Flat Inspection — Inside E Row 10', 'Manual check, bucket, gloves', 'medium', true) on conflict (id) do update set template_key = excluded.template_key, sort_order = excluded.sort_order, name = excluded.name, category = excluded.category, inspection_type = excluded.inspection_type, description = excluded.description, how_to = excluded.how_to, equipment_needed = excluded.equipment_needed, severity = excluded.severity, is_active = true, updated_at = now();
insert into public.inspection_checklist_items (id, template_key, sort_order, name, category, inspection_type, description, how_to, equipment_needed, severity, is_active) values ('bathroom-2-93', 'bathroom-2', 4, 'Inspect geyser (if present) — PRV, rust staining, geyser age label', 'Plumbing & Water', 'Water Heater / Geyser Check', 'Water Heater / Geyser Check. Equipment needed: Manual check, torch.', 'Source: Unit-Flat Inspection — Inside E Row 14', 'Manual check, torch', 'high', true) on conflict (id) do update set template_key = excluded.template_key, sort_order = excluded.sort_order, name = excluded.name, category = excluded.category, inspection_type = excluded.inspection_type, description = excluded.description, how_to = excluded.how_to, equipment_needed = excluded.equipment_needed, severity = excluded.severity, is_active = true, updated_at = now();
insert into public.inspection_checklist_items (id, template_key, sort_order, name, category, inspection_type, description, how_to, equipment_needed, severity, is_active) values ('bathroom-2-94', 'bathroom-2', 5, 'Open under-vanity cabinet — check pipe joints for moisture or drip staining', 'Plumbing & Water', 'Pipe Leakage Scan', 'Pipe Leakage Scan. Equipment needed: Torch, paper towel.', 'Source: Unit-Flat Inspection — Inside E Row 18', 'Torch, paper towel', 'high', true) on conflict (id) do update set template_key = excluded.template_key, sort_order = excluded.sort_order, name = excluded.name, category = excluded.category, inspection_type = excluded.inspection_type, description = excluded.description, how_to = excluded.how_to, equipment_needed = excluded.equipment_needed, severity = excluded.severity, is_active = true, updated_at = now();
insert into public.inspection_checklist_items (id, template_key, sort_order, name, category, inspection_type, description, how_to, equipment_needed, severity, is_active) values ('bathroom-2-95', 'bathroom-2', 6, 'Check tile grout on walls and non-slip condition of floor tiles', 'Civil & Structural', 'Wall & Ceiling Crack Check', 'Wall & Ceiling Crack Check. Equipment needed: Manual check, screwdriver.', 'Source: Unit-Flat Inspection — Inside E Row 53', 'Manual check, screwdriver', 'medium', true) on conflict (id) do update set template_key = excluded.template_key, sort_order = excluded.sort_order, name = excluded.name, category = excluded.category, inspection_type = excluded.inspection_type, description = excluded.description, how_to = excluded.how_to, equipment_needed = excluded.equipment_needed, severity = excluded.severity, is_active = true, updated_at = now();
insert into public.inspection_checklist_items (id, template_key, sort_order, name, category, inspection_type, description, how_to, equipment_needed, severity, is_active) values ('bathroom-2-96', 'bathroom-2', 7, 'Inspect ceiling corners for mould growth', 'HVAC & Ventilation', 'Mould & Condensation Check', 'Mould & Condensation Check. Equipment needed: Torch.', 'Source: Unit-Flat Inspection — Inside E Row 113', 'Torch', 'high', true) on conflict (id) do update set template_key = excluded.template_key, sort_order = excluded.sort_order, name = excluded.name, category = excluded.category, inspection_type = excluded.inspection_type, description = excluded.description, how_to = excluded.how_to, equipment_needed = excluded.equipment_needed, severity = excluded.severity, is_active = true, updated_at = now();
insert into public.inspection_checklist_items (id, template_key, sort_order, name, category, inspection_type, description, how_to, equipment_needed, severity, is_active) values ('bathroom-2-97', 'bathroom-2', 8, 'Check exhaust fan operation and louvre flap', 'HVAC & Ventilation', 'Bathroom Exhaust Fan Check', 'Bathroom Exhaust Fan Check. Equipment needed: Manual check.', 'Source: Unit-Flat Inspection — Inside E Row 110', 'Manual check', 'low', true) on conflict (id) do update set template_key = excluded.template_key, sort_order = excluded.sort_order, name = excluded.name, category = excluded.category, inspection_type = excluded.inspection_type, description = excluded.description, how_to = excluded.how_to, equipment_needed = excluded.equipment_needed, severity = excluded.severity, is_active = true, updated_at = now();
insert into public.inspection_checklist_items (id, template_key, sort_order, name, category, inspection_type, description, how_to, equipment_needed, severity, is_active) values ('bathroom-2-98', 'bathroom-2', 9, 'Verify light fitting is IP44 rated and no standard sockets inside', 'Electrical', 'Fan & Light Fixture Check', 'Fan & Light Fixture Check. Equipment needed: Manual check.', 'Source: Unit-Flat Inspection — Inside E Row 39', 'Manual check', 'critical', true) on conflict (id) do update set template_key = excluded.template_key, sort_order = excluded.sort_order, name = excluded.name, category = excluded.category, inspection_type = excluded.inspection_type, description = excluded.description, how_to = excluded.how_to, equipment_needed = excluded.equipment_needed, severity = excluded.severity, is_active = true, updated_at = now();
insert into public.inspection_checklist_items (id, template_key, sort_order, name, category, inspection_type, description, how_to, equipment_needed, severity, is_active) values ('bathroom-2-99', 'bathroom-2', 10, 'Check for cockroach harbourage in pipe chase and behind cistern', 'Pest Control', 'Cockroach Activity Check', 'Cockroach Activity Check. Equipment needed: Torch, gloves.', 'Source: Unit-Flat Inspection — Inside E Row 91', 'Torch, gloves', 'high', true) on conflict (id) do update set template_key = excluded.template_key, sort_order = excluded.sort_order, name = excluded.name, category = excluded.category, inspection_type = excluded.inspection_type, description = excluded.description, how_to = excluded.how_to, equipment_needed = excluded.equipment_needed, severity = excluded.severity, is_active = true, updated_at = now();

insert into public.inspection_checklist_templates (template_key, name, icon_name, sort_order, is_default, is_active) values ('kitchen', 'Kitchen', 'kitchen', 6, true, true) on conflict (template_key) do update set name = excluded.name, icon_name = excluded.icon_name, sort_order = excluded.sort_order, is_default = excluded.is_default, is_active = true, updated_at = now();
insert into public.inspection_checklist_items (id, template_key, sort_order, name, category, inspection_type, description, how_to, equipment_needed, severity, is_active) values ('kitchen-100', 'kitchen', 0, 'Turn on taps fully — check for drips, low pressure, aerator blockage', 'Plumbing & Water', 'Tap & Faucet Check', 'Tap & Faucet Check. Equipment needed: Manual check, screwdriver.', 'Source: Unit-Flat Inspection — Inside E Row 1', 'Manual check, screwdriver', 'medium', true) on conflict (id) do update set template_key = excluded.template_key, sort_order = excluded.sort_order, name = excluded.name, category = excluded.category, inspection_type = excluded.inspection_type, description = excluded.description, how_to = excluded.how_to, equipment_needed = excluded.equipment_needed, severity = excluded.severity, is_active = true, updated_at = now();
insert into public.inspection_checklist_items (id, template_key, sort_order, name, category, inspection_type, description, how_to, equipment_needed, severity, is_active) values ('kitchen-101', 'kitchen', 1, 'Check kitchen sink basket strainer — clean and mesh intact', 'Plumbing & Water', 'Drain Flow Check', 'Drain Flow Check. Equipment needed: Manual check, gloves.', 'Source: Unit-Flat Inspection — Inside E Row 12', 'Manual check, gloves', 'low', true) on conflict (id) do update set template_key = excluded.template_key, sort_order = excluded.sort_order, name = excluded.name, category = excluded.category, inspection_type = excluded.inspection_type, description = excluded.description, how_to = excluded.how_to, equipment_needed = excluded.equipment_needed, severity = excluded.severity, is_active = true, updated_at = now();
insert into public.inspection_checklist_items (id, template_key, sort_order, name, category, inspection_type, description, how_to, equipment_needed, severity, is_active) values ('kitchen-102', 'kitchen', 2, 'Pour 5 litres into sink drain — drain within 10 seconds, no gurgling', 'Plumbing & Water', 'Drain Flow Check', 'Drain Flow Check. Equipment needed: Manual check, bucket.', 'Source: Unit-Flat Inspection — Inside E Row 10', 'Manual check, bucket', 'medium', true) on conflict (id) do update set template_key = excluded.template_key, sort_order = excluded.sort_order, name = excluded.name, category = excluded.category, inspection_type = excluded.inspection_type, description = excluded.description, how_to = excluded.how_to, equipment_needed = excluded.equipment_needed, severity = excluded.severity, is_active = true, updated_at = now();
insert into public.inspection_checklist_items (id, template_key, sort_order, name, category, inspection_type, description, how_to, equipment_needed, severity, is_active) values ('kitchen-103', 'kitchen', 3, 'Open under-sink cabinet — shine torch at all pipe joints with dry paper towel', 'Plumbing & Water', 'Pipe Leakage Scan', 'Pipe Leakage Scan. Equipment needed: Torch, paper towel.', 'Source: Unit-Flat Inspection — Inside E Row 18', 'Torch, paper towel', 'high', true) on conflict (id) do update set template_key = excluded.template_key, sort_order = excluded.sort_order, name = excluded.name, category = excluded.category, inspection_type = excluded.inspection_type, description = excluded.description, how_to = excluded.how_to, equipment_needed = excluded.equipment_needed, severity = excluded.severity, is_active = true, updated_at = now();
insert into public.inspection_checklist_items (id, template_key, sort_order, name, category, inspection_type, description, how_to, equipment_needed, severity, is_active) values ('kitchen-104', 'kitchen', 4, 'Check sink-to-counter silicone seal — any gap or crack must be resealed', 'Kitchen', 'Sink & Counter Check', 'Sink & Counter Check. Equipment needed: Torch, screwdriver.', 'Source: Unit-Flat Inspection — Inside E Row 81', 'Torch, screwdriver', 'low', true) on conflict (id) do update set template_key = excluded.template_key, sort_order = excluded.sort_order, name = excluded.name, category = excluded.category, inspection_type = excluded.inspection_type, description = excluded.description, how_to = excluded.how_to, equipment_needed = excluded.equipment_needed, severity = excluded.severity, is_active = true, updated_at = now();
insert into public.inspection_checklist_items (id, template_key, sort_order, name, category, inspection_type, description, how_to, equipment_needed, severity, is_active) values ('kitchen-105', 'kitchen', 5, 'Press counter tiles near sink — loose tiles indicate water under grout', 'Kitchen', 'Sink & Counter Check', 'Sink & Counter Check. Equipment needed: Manual check.', 'Source: Unit-Flat Inspection — Inside E Row 82', 'Manual check', 'low', true) on conflict (id) do update set template_key = excluded.template_key, sort_order = excluded.sort_order, name = excluded.name, category = excluded.category, inspection_type = excluded.inspection_type, description = excluded.description, how_to = excluded.how_to, equipment_needed = excluded.equipment_needed, severity = excluded.severity, is_active = true, updated_at = now();
insert into public.inspection_checklist_items (id, template_key, sort_order, name, category, inspection_type, description, how_to, equipment_needed, severity, is_active) values ('kitchen-106', 'kitchen', 6, 'Inspect kitchen counter surface for chips, cracks, or delamination', 'Kitchen', 'Sink & Counter Check', 'Sink & Counter Check. Equipment needed: Manual check.', 'Source: Unit-Flat Inspection — Inside E Row 82', 'Manual check', 'low', true) on conflict (id) do update set template_key = excluded.template_key, sort_order = excluded.sort_order, name = excluded.name, category = excluded.category, inspection_type = excluded.inspection_type, description = excluded.description, how_to = excluded.how_to, equipment_needed = excluded.equipment_needed, severity = excluded.severity, is_active = true, updated_at = now();
insert into public.inspection_checklist_items (id, template_key, sort_order, name, category, inspection_type, description, how_to, equipment_needed, severity, is_active) values ('kitchen-107', 'kitchen', 7, 'Check kitchen cabinet hinges and drawer runners — smooth operation', 'Kitchen', 'Sink & Counter Check', 'Sink & Counter Check. Equipment needed: Manual check.', 'Source: Unit-Flat Inspection — Inside E Row 83', 'Manual check', 'low', true) on conflict (id) do update set template_key = excluded.template_key, sort_order = excluded.sort_order, name = excluded.name, category = excluded.category, inspection_type = excluded.inspection_type, description = excluded.description, how_to = excluded.how_to, equipment_needed = excluded.equipment_needed, severity = excluded.severity, is_active = true, updated_at = now();
insert into public.inspection_checklist_items (id, template_key, sort_order, name, category, inspection_type, description, how_to, equipment_needed, severity, is_active) values ('kitchen-108', 'kitchen', 8, 'Test waste disposal unit (if fitted) — runs without jam, no base leak', 'Kitchen', 'Sink & Counter Check', 'Sink & Counter Check. Equipment needed: Manual check (run with water).', 'Source: Unit-Flat Inspection — Inside E Row 84', 'Manual check (run with water)', 'medium', true) on conflict (id) do update set template_key = excluded.template_key, sort_order = excluded.sort_order, name = excluded.name, category = excluded.category, inspection_type = excluded.inspection_type, description = excluded.description, how_to = excluded.how_to, equipment_needed = excluded.equipment_needed, severity = excluded.severity, is_active = true, updated_at = now();
insert into public.inspection_checklist_items (id, template_key, sort_order, name, category, inspection_type, description, how_to, equipment_needed, severity, is_active) values ('kitchen-109', 'kitchen', 9, 'Inspect refrigerator area — coil not blocked, no ice maker water leak', 'Kitchen', 'Sink & Counter Check', 'Sink & Counter Check. Equipment needed: Manual check, torch.', 'Source: Unit-Flat Inspection — Inside E Row 85', 'Manual check, torch', 'medium', true) on conflict (id) do update set template_key = excluded.template_key, sort_order = excluded.sort_order, name = excluded.name, category = excluded.category, inspection_type = excluded.inspection_type, description = excluded.description, how_to = excluded.how_to, equipment_needed = excluded.equipment_needed, severity = excluded.severity, is_active = true, updated_at = now();
insert into public.inspection_checklist_items (id, template_key, sort_order, name, category, inspection_type, description, how_to, equipment_needed, severity, is_active) values ('kitchen-110', 'kitchen', 10, 'Check kitchen socket outlets near sink — must have splash-back protection', 'Electrical', 'Switch & Socket Check', 'Switch & Socket Check. Equipment needed: Manual check.', 'Source: Unit-Flat Inspection — Inside E Row 27', 'Manual check', 'critical', true) on conflict (id) do update set template_key = excluded.template_key, sort_order = excluded.sort_order, name = excluded.name, category = excluded.category, inspection_type = excluded.inspection_type, description = excluded.description, how_to = excluded.how_to, equipment_needed = excluded.equipment_needed, severity = excluded.severity, is_active = true, updated_at = now();
insert into public.inspection_checklist_items (id, template_key, sort_order, name, category, inspection_type, description, how_to, equipment_needed, severity, is_active) values ('kitchen-111', 'kitchen', 11, 'Test all remaining socket outlets and light switches in kitchen', 'Electrical', 'Switch & Socket Check', 'Switch & Socket Check. Equipment needed: Manual check, plug-in tester.', 'Source: Unit-Flat Inspection — Inside E Row 25', 'Manual check, plug-in tester', 'high', true) on conflict (id) do update set template_key = excluded.template_key, sort_order = excluded.sort_order, name = excluded.name, category = excluded.category, inspection_type = excluded.inspection_type, description = excluded.description, how_to = excluded.how_to, equipment_needed = excluded.equipment_needed, severity = excluded.severity, is_active = true, updated_at = now();
insert into public.inspection_checklist_items (id, template_key, sort_order, name, category, inspection_type, description, how_to, equipment_needed, severity, is_active) values ('kitchen-112', 'kitchen', 12, 'Check under-cabinet LED strip lighting — no flickering, secure mounting', 'Electrical', 'Fan & Light Fixture Check', 'Fan & Light Fixture Check. Equipment needed: Manual check.', 'Source: Unit-Flat Inspection — Inside E Row 38', 'Manual check', 'low', true) on conflict (id) do update set template_key = excluded.template_key, sort_order = excluded.sort_order, name = excluded.name, category = excluded.category, inspection_type = excluded.inspection_type, description = excluded.description, how_to = excluded.how_to, equipment_needed = excluded.equipment_needed, severity = excluded.severity, is_active = true, updated_at = now();
insert into public.inspection_checklist_items (id, template_key, sort_order, name, category, inspection_type, description, how_to, equipment_needed, severity, is_active) values ('kitchen-113', 'kitchen', 13, 'Inspect gas flexible hose — no cracks, kinks, rubber deterioration', 'Kitchen', 'Gas Line Visual Check', 'Gas Line Visual Check. Equipment needed: Manual check (NO flame/spark).', 'Source: Unit-Flat Inspection — Inside E Row 76', 'Manual check (NO flame/spark)', 'critical', true) on conflict (id) do update set template_key = excluded.template_key, sort_order = excluded.sort_order, name = excluded.name, category = excluded.category, inspection_type = excluded.inspection_type, description = excluded.description, how_to = excluded.how_to, equipment_needed = excluded.equipment_needed, severity = excluded.severity, is_active = true, updated_at = now();
insert into public.inspection_checklist_items (id, template_key, sort_order, name, category, inspection_type, description, how_to, equipment_needed, severity, is_active) values ('kitchen-114', 'kitchen', 14, 'Check gas hose date label — replace if older than 5 years', 'Kitchen', 'Gas Line Visual Check', 'Gas Line Visual Check. Equipment needed: Manual check (label on hose).', 'Source: Unit-Flat Inspection — Inside E Row 77', 'Manual check (label on hose)', 'critical', true) on conflict (id) do update set template_key = excluded.template_key, sort_order = excluded.sort_order, name = excluded.name, category = excluded.category, inspection_type = excluded.inspection_type, description = excluded.description, how_to = excluded.how_to, equipment_needed = excluded.equipment_needed, severity = excluded.severity, is_active = true, updated_at = now();
insert into public.inspection_checklist_items (id, template_key, sort_order, name, category, inspection_type, description, how_to, equipment_needed, severity, is_active) values ('kitchen-115', 'kitchen', 15, 'Verify gas shut-off valve accessible and operable — resident knows location', 'Kitchen', 'Gas Line Visual Check', 'Gas Line Visual Check. Equipment needed: Manual check.', 'Source: Unit-Flat Inspection — Inside E Row 79', 'Manual check', 'critical', true) on conflict (id) do update set template_key = excluded.template_key, sort_order = excluded.sort_order, name = excluded.name, category = excluded.category, inspection_type = excluded.inspection_type, description = excluded.description, how_to = excluded.how_to, equipment_needed = excluded.equipment_needed, severity = excluded.severity, is_active = true, updated_at = now();
insert into public.inspection_checklist_items (id, template_key, sort_order, name, category, inspection_type, description, how_to, equipment_needed, severity, is_active) values ('kitchen-116', 'kitchen', 16, 'Apply soapy water to regulator connection — bubbles = gas leak (open windows if detected)', 'Kitchen', 'Gas Line Visual Check', 'Gas Line Visual Check. Equipment needed: Soapy water, brush.', 'Source: Unit-Flat Inspection — Inside E Row 76', 'Soapy water, brush', 'critical', true) on conflict (id) do update set template_key = excluded.template_key, sort_order = excluded.sort_order, name = excluded.name, category = excluded.category, inspection_type = excluded.inspection_type, description = excluded.description, how_to = excluded.how_to, equipment_needed = excluded.equipment_needed, severity = excluded.severity, is_active = true, updated_at = now();
insert into public.inspection_checklist_items (id, template_key, sort_order, name, category, inspection_type, description, how_to, equipment_needed, severity, is_active) values ('kitchen-117', 'kitchen', 17, 'Test all stove burners — ignite cleanly, blue flame (not yellow/orange)', 'Kitchen', 'Gas Line Visual Check', 'Gas Line Visual Check. Equipment needed: Manual check (turn on burners).', 'Source: Unit-Flat Inspection — Inside E Row 80', 'Manual check (turn on burners)', 'high', true) on conflict (id) do update set template_key = excluded.template_key, sort_order = excluded.sort_order, name = excluded.name, category = excluded.category, inspection_type = excluded.inspection_type, description = excluded.description, how_to = excluded.how_to, equipment_needed = excluded.equipment_needed, severity = excluded.severity, is_active = true, updated_at = now();
insert into public.inspection_checklist_items (id, template_key, sort_order, name, category, inspection_type, description, how_to, equipment_needed, severity, is_active) values ('kitchen-118', 'kitchen', 18, 'Turn on exhaust fan — tissue held at inlet should be drawn inward', 'Kitchen', 'Exhaust Fan Check', 'Exhaust Fan Check. Equipment needed: Manual check, tissue paper.', 'Source: Unit-Flat Inspection — Inside E Row 73', 'Manual check, tissue paper', 'medium', true) on conflict (id) do update set template_key = excluded.template_key, sort_order = excluded.sort_order, name = excluded.name, category = excluded.category, inspection_type = excluded.inspection_type, description = excluded.description, how_to = excluded.how_to, equipment_needed = excluded.equipment_needed, severity = excluded.severity, is_active = true, updated_at = now();
insert into public.inspection_checklist_items (id, template_key, sort_order, name, category, inspection_type, description, how_to, equipment_needed, severity, is_active) values ('kitchen-119', 'kitchen', 19, 'Inspect chimney/hood grease trap — check oil level, clean if >50% full', 'Kitchen', 'Exhaust Fan Check', 'Exhaust Fan Check. Equipment needed: Gloves, container for oil disposal.', 'Source: Unit-Flat Inspection — Inside E Row 74', 'Gloves, container for oil disposal', 'high', true) on conflict (id) do update set template_key = excluded.template_key, sort_order = excluded.sort_order, name = excluded.name, category = excluded.category, inspection_type = excluded.inspection_type, description = excluded.description, how_to = excluded.how_to, equipment_needed = excluded.equipment_needed, severity = excluded.severity, is_active = true, updated_at = now();
insert into public.inspection_checklist_items (id, template_key, sort_order, name, category, inspection_type, description, how_to, equipment_needed, severity, is_active) values ('kitchen-120', 'kitchen', 20, 'Check exhaust duct exit on external wall — bird screen intact, duct not kinked', 'Kitchen', 'Exhaust Fan Check', 'Exhaust Fan Check. Equipment needed: Manual check, torch.', 'Source: Unit-Flat Inspection — Inside E Row 75', 'Manual check, torch', 'medium', true) on conflict (id) do update set template_key = excluded.template_key, sort_order = excluded.sort_order, name = excluded.name, category = excluded.category, inspection_type = excluded.inspection_type, description = excluded.description, how_to = excluded.how_to, equipment_needed = excluded.equipment_needed, severity = excluded.severity, is_active = true, updated_at = now();
insert into public.inspection_checklist_items (id, template_key, sort_order, name, category, inspection_type, description, how_to, equipment_needed, severity, is_active) values ('kitchen-121', 'kitchen', 21, 'Check built-in oven/microwave — door seal intact, interior clean, element OK', 'Kitchen', 'Appliance & Fixture Check', 'Appliance & Fixture Check. Equipment needed: Manual check.', 'Source: Unit-Flat Inspection — Inside E Row 86', 'Manual check', 'medium', true) on conflict (id) do update set template_key = excluded.template_key, sort_order = excluded.sort_order, name = excluded.name, category = excluded.category, inspection_type = excluded.inspection_type, description = excluded.description, how_to = excluded.how_to, equipment_needed = excluded.equipment_needed, severity = excluded.severity, is_active = true, updated_at = now();
insert into public.inspection_checklist_items (id, template_key, sort_order, name, category, inspection_type, description, how_to, equipment_needed, severity, is_active) values ('kitchen-122', 'kitchen', 22, 'Test dishwasher (if installed) — run quick cycle, check for leaks, door latch secure', 'Kitchen', 'Appliance & Fixture Check', 'Appliance & Fixture Check. Equipment needed: Manual check (run cycle).', 'Source: Unit-Flat Inspection — Inside E Row 87', 'Manual check (run cycle)', 'medium', true) on conflict (id) do update set template_key = excluded.template_key, sort_order = excluded.sort_order, name = excluded.name, category = excluded.category, inspection_type = excluded.inspection_type, description = excluded.description, how_to = excluded.how_to, equipment_needed = excluded.equipment_needed, severity = excluded.severity, is_active = true, updated_at = now();
insert into public.inspection_checklist_items (id, template_key, sort_order, name, category, inspection_type, description, how_to, equipment_needed, severity, is_active) values ('kitchen-123', 'kitchen', 23, 'Inspect backsplash tiles behind hob — no loose tiles, grout intact', 'Kitchen', 'Appliance & Fixture Check', 'Appliance & Fixture Check. Equipment needed: Manual check, gentle press on tiles.', 'Source: Unit-Flat Inspection — Inside E Row 88', 'Manual check, gentle press on tiles', 'medium', true) on conflict (id) do update set template_key = excluded.template_key, sort_order = excluded.sort_order, name = excluded.name, category = excluded.category, inspection_type = excluded.inspection_type, description = excluded.description, how_to = excluded.how_to, equipment_needed = excluded.equipment_needed, severity = excluded.severity, is_active = true, updated_at = now();
insert into public.inspection_checklist_items (id, template_key, sort_order, name, category, inspection_type, description, how_to, equipment_needed, severity, is_active) values ('kitchen-124', 'kitchen', 24, 'Check kitchen tile grout on walls for crumbling or mould', 'Civil & Structural', 'Wall & Ceiling Crack Check', 'Wall & Ceiling Crack Check. Equipment needed: Manual check, screwdriver.', 'Source: Unit-Flat Inspection — Inside E Row 53', 'Manual check, screwdriver', 'medium', true) on conflict (id) do update set template_key = excluded.template_key, sort_order = excluded.sort_order, name = excluded.name, category = excluded.category, inspection_type = excluded.inspection_type, description = excluded.description, how_to = excluded.how_to, equipment_needed = excluded.equipment_needed, severity = excluded.severity, is_active = true, updated_at = now();
insert into public.inspection_checklist_items (id, template_key, sort_order, name, category, inspection_type, description, how_to, equipment_needed, severity, is_active) values ('kitchen-125', 'kitchen', 25, 'Check for seepage staining on kitchen exterior wall or paint bubbling', 'Civil & Structural', 'Seepage & Damp Check', 'Seepage & Damp Check. Equipment needed: Torch, moisture meter.', 'Source: Unit-Flat Inspection — Inside E Row 54', 'Torch, moisture meter', 'high', true) on conflict (id) do update set template_key = excluded.template_key, sort_order = excluded.sort_order, name = excluded.name, category = excluded.category, inspection_type = excluded.inspection_type, description = excluded.description, how_to = excluded.how_to, equipment_needed = excluded.equipment_needed, severity = excluded.severity, is_active = true, updated_at = now();
insert into public.inspection_checklist_items (id, template_key, sort_order, name, category, inspection_type, description, how_to, equipment_needed, severity, is_active) values ('kitchen-126', 'kitchen', 26, 'Wet kitchen floor tiles — verify non-slip rating adequate', 'Civil & Structural', 'Flooring Check', 'Flooring Check. Equipment needed: Manual check (wet test).', 'Source: Unit-Flat Inspection — Inside E Row 60', 'Manual check (wet test)', 'high', true) on conflict (id) do update set template_key = excluded.template_key, sort_order = excluded.sort_order, name = excluded.name, category = excluded.category, inspection_type = excluded.inspection_type, description = excluded.description, how_to = excluded.how_to, equipment_needed = excluded.equipment_needed, severity = excluded.severity, is_active = true, updated_at = now();
insert into public.inspection_checklist_items (id, template_key, sort_order, name, category, inspection_type, description, how_to, equipment_needed, severity, is_active) values ('kitchen-127', 'kitchen', 27, 'Inspect grease duct for condensate drip inside duct — fire hazard', 'HVAC & Ventilation', 'Mould & Condensation Check', 'Mould & Condensation Check. Equipment needed: Torch, gloves.', 'Source: Unit-Flat Inspection — Inside E Row 116', 'Torch, gloves', 'high', true) on conflict (id) do update set template_key = excluded.template_key, sort_order = excluded.sort_order, name = excluded.name, category = excluded.category, inspection_type = excluded.inspection_type, description = excluded.description, how_to = excluded.how_to, equipment_needed = excluded.equipment_needed, severity = excluded.severity, is_active = true, updated_at = now();
insert into public.inspection_checklist_items (id, template_key, sort_order, name, category, inspection_type, description, how_to, equipment_needed, severity, is_active) values ('kitchen-128', 'kitchen', 28, 'Torch into kitchen cabinets — check for cockroach egg casings near hinges', 'Pest Control', 'Cockroach Activity Check', 'Cockroach Activity Check. Equipment needed: Torch, gloves.', 'Source: Unit-Flat Inspection — Inside E Row 90', 'Torch, gloves', 'high', true) on conflict (id) do update set template_key = excluded.template_key, sort_order = excluded.sort_order, name = excluded.name, category = excluded.category, inspection_type = excluded.inspection_type, description = excluded.description, how_to = excluded.how_to, equipment_needed = excluded.equipment_needed, severity = excluded.severity, is_active = true, updated_at = now();
insert into public.inspection_checklist_items (id, template_key, sort_order, name, category, inspection_type, description, how_to, equipment_needed, severity, is_active) values ('kitchen-129', 'kitchen', 29, 'Check behind refrigerator and under dishwasher for cockroach activity', 'Pest Control', 'Cockroach Activity Check', 'Cockroach Activity Check. Equipment needed: Torch, gloves.', 'Source: Unit-Flat Inspection — Inside E Row 92', 'Torch, gloves', 'high', true) on conflict (id) do update set template_key = excluded.template_key, sort_order = excluded.sort_order, name = excluded.name, category = excluded.category, inspection_type = excluded.inspection_type, description = excluded.description, how_to = excluded.how_to, equipment_needed = excluded.equipment_needed, severity = excluded.severity, is_active = true, updated_at = now();
insert into public.inspection_checklist_items (id, template_key, sort_order, name, category, inspection_type, description, how_to, equipment_needed, severity, is_active) values ('kitchen-130', 'kitchen', 30, 'Check window sills for active ant trails — trace entry point, seal with silicone', 'Pest Control', 'Ant Trail Check', 'Ant Trail Check. Equipment needed: Manual check, torch.', 'Source: Unit-Flat Inspection — Inside E Row 93', 'Manual check, torch', 'medium', true) on conflict (id) do update set template_key = excluded.template_key, sort_order = excluded.sort_order, name = excluded.name, category = excluded.category, inspection_type = excluded.inspection_type, description = excluded.description, how_to = excluded.how_to, equipment_needed = excluded.equipment_needed, severity = excluded.severity, is_active = true, updated_at = now();
insert into public.inspection_checklist_items (id, template_key, sort_order, name, category, inspection_type, description, how_to, equipment_needed, severity, is_active) values ('kitchen-131', 'kitchen', 31, 'Verify smoke detector is positioned 3m away from hob — no false alarm risk', 'Fire Safety', 'Smoke Detector Check', 'Smoke Detector Check. Equipment needed: Manual check (measure distance).', 'Source: Unit-Flat Inspection — Inside E Row 104', 'Manual check (measure distance)', 'medium', true) on conflict (id) do update set template_key = excluded.template_key, sort_order = excluded.sort_order, name = excluded.name, category = excluded.category, inspection_type = excluded.inspection_type, description = excluded.description, how_to = excluded.how_to, equipment_needed = excluded.equipment_needed, severity = excluded.severity, is_active = true, updated_at = now();
insert into public.inspection_checklist_items (id, template_key, sort_order, name, category, inspection_type, description, how_to, equipment_needed, severity, is_active) values ('kitchen-132', 'kitchen', 32, 'Check fire extinguisher — Class F (wet chemical), pressure in green zone, pin intact', 'Fire Safety', 'Fire Extinguisher Check', 'Fire Extinguisher Check. Equipment needed: Manual check.', 'Source: Unit-Flat Inspection — Inside E Row 105', 'Manual check', 'critical', true) on conflict (id) do update set template_key = excluded.template_key, sort_order = excluded.sort_order, name = excluded.name, category = excluded.category, inspection_type = excluded.inspection_type, description = excluded.description, how_to = excluded.how_to, equipment_needed = excluded.equipment_needed, severity = excluded.severity, is_active = true, updated_at = now();
insert into public.inspection_checklist_items (id, template_key, sort_order, name, category, inspection_type, description, how_to, equipment_needed, severity, is_active) values ('kitchen-133', 'kitchen', 33, 'Confirm extinguisher is wall-mounted at accessible height, not blocked', 'Fire Safety', 'Fire Extinguisher Check', 'Fire Extinguisher Check. Equipment needed: Manual check.', 'Source: Unit-Flat Inspection — Inside E Row 107', 'Manual check', 'high', true) on conflict (id) do update set template_key = excluded.template_key, sort_order = excluded.sort_order, name = excluded.name, category = excluded.category, inspection_type = excluded.inspection_type, description = excluded.description, how_to = excluded.how_to, equipment_needed = excluded.equipment_needed, severity = excluded.severity, is_active = true, updated_at = now();

insert into public.inspection_checklist_templates (template_key, name, icon_name, sort_order, is_default, is_active) values ('balcony', 'Balcony', 'balcony', 7, true, true) on conflict (template_key) do update set name = excluded.name, icon_name = excluded.icon_name, sort_order = excluded.sort_order, is_default = excluded.is_default, is_active = true, updated_at = now();
insert into public.inspection_checklist_items (id, template_key, sort_order, name, category, inspection_type, description, how_to, equipment_needed, severity, is_active) values ('balcony-134', 'balcony', 0, 'Push railing sideways and vertically — must not move more than 5mm', 'Civil & Structural', 'Balcony & Railing Check', 'Balcony & Railing Check. Equipment needed: Manual check.', 'Source: Unit-Flat Inspection — Inside E Row 69', 'Manual check', 'critical', true) on conflict (id) do update set template_key = excluded.template_key, sort_order = excluded.sort_order, name = excluded.name, category = excluded.category, inspection_type = excluded.inspection_type, description = excluded.description, how_to = excluded.how_to, equipment_needed = excluded.equipment_needed, severity = excluded.severity, is_active = true, updated_at = now();
insert into public.inspection_checklist_items (id, template_key, sort_order, name, category, inspection_type, description, how_to, equipment_needed, severity, is_active) values ('balcony-135', 'balcony', 1, 'Inspect balcony ceiling for seepage stains or plaster drop from unit above', 'Civil & Structural', 'Balcony & Railing Check', 'Balcony & Railing Check. Equipment needed: Torch, manual check.', 'Source: Unit-Flat Inspection — Inside E Row 70', 'Torch, manual check', 'high', true) on conflict (id) do update set template_key = excluded.template_key, sort_order = excluded.sort_order, name = excluded.name, category = excluded.category, inspection_type = excluded.inspection_type, description = excluded.description, how_to = excluded.how_to, equipment_needed = excluded.equipment_needed, severity = excluded.severity, is_active = true, updated_at = now();
insert into public.inspection_checklist_items (id, template_key, sort_order, name, category, inspection_type, description, how_to, equipment_needed, severity, is_active) values ('balcony-136', 'balcony', 2, 'Check waterproofing lap at wall base — no cracks or membrane edge separation', 'Civil & Structural', 'Balcony & Railing Check', 'Balcony & Railing Check. Equipment needed: Manual check.', 'Source: Unit-Flat Inspection — Inside E Row 71', 'Manual check', 'critical', true) on conflict (id) do update set template_key = excluded.template_key, sort_order = excluded.sort_order, name = excluded.name, category = excluded.category, inspection_type = excluded.inspection_type, description = excluded.description, how_to = excluded.how_to, equipment_needed = excluded.equipment_needed, severity = excluded.severity, is_active = true, updated_at = now();
insert into public.inspection_checklist_items (id, template_key, sort_order, name, category, inspection_type, description, how_to, equipment_needed, severity, is_active) values ('balcony-137', 'balcony', 3, 'Inspect storage area / utility cupboard — ventilated, no moisture buildup', 'Civil & Structural', 'Balcony & Railing Check', 'Balcony & Railing Check. Equipment needed: Manual check, torch.', 'Source: Unit-Flat Inspection — Inside E Row 72', 'Manual check, torch', 'low', true) on conflict (id) do update set template_key = excluded.template_key, sort_order = excluded.sort_order, name = excluded.name, category = excluded.category, inspection_type = excluded.inspection_type, description = excluded.description, how_to = excluded.how_to, equipment_needed = excluded.equipment_needed, severity = excluded.severity, is_active = true, updated_at = now();
insert into public.inspection_checklist_items (id, template_key, sort_order, name, category, inspection_type, description, how_to, equipment_needed, severity, is_active) values ('balcony-138', 'balcony', 4, 'Check balcony drain is clear — no plant roots, debris, or grille displacement', 'Plumbing & Water', 'Drain Flow Check', 'Drain Flow Check. Equipment needed: Manual check, torch.', 'Source: Unit-Flat Inspection — Inside E Row 13', 'Manual check, torch', 'high', true) on conflict (id) do update set template_key = excluded.template_key, sort_order = excluded.sort_order, name = excluded.name, category = excluded.category, inspection_type = excluded.inspection_type, description = excluded.description, how_to = excluded.how_to, equipment_needed = excluded.equipment_needed, severity = excluded.severity, is_active = true, updated_at = now();
insert into public.inspection_checklist_items (id, template_key, sort_order, name, category, inspection_type, description, how_to, equipment_needed, severity, is_active) values ('balcony-139', 'balcony', 5, 'Check overhead pipe runs and brackets on balcony ceiling for rust or drips', 'Plumbing & Water', 'Pipe Leakage Scan', 'Pipe Leakage Scan. Equipment needed: Torch, manual check.', 'Source: Unit-Flat Inspection — Inside E Row 21', 'Torch, manual check', 'medium', true) on conflict (id) do update set template_key = excluded.template_key, sort_order = excluded.sort_order, name = excluded.name, category = excluded.category, inspection_type = excluded.inspection_type, description = excluded.description, how_to = excluded.how_to, equipment_needed = excluded.equipment_needed, severity = excluded.severity, is_active = true, updated_at = now();
insert into public.inspection_checklist_items (id, template_key, sort_order, name, category, inspection_type, description, how_to, equipment_needed, severity, is_active) values ('balcony-140', 'balcony', 6, 'Empty and invert all flowerpot saucers — eliminate mosquito breeding points', 'Pest Control', 'Mosquito Breeding Check', 'Mosquito Breeding Check. Equipment needed: Manual check, gloves.', 'Source: Unit-Flat Inspection — Inside E Row 96', 'Manual check, gloves', 'high', true) on conflict (id) do update set template_key = excluded.template_key, sort_order = excluded.sort_order, name = excluded.name, category = excluded.category, inspection_type = excluded.inspection_type, description = excluded.description, how_to = excluded.how_to, equipment_needed = excluded.equipment_needed, severity = excluded.severity, is_active = true, updated_at = now();
insert into public.inspection_checklist_items (id, template_key, sort_order, name, category, inspection_type, description, how_to, equipment_needed, severity, is_active) values ('balcony-141', 'balcony', 7, 'Inspect any external security camera — mounting not shifted, cable secure', 'Security & Access', 'Video Doorbell / Camera Check', 'Video Doorbell / Camera Check. Equipment needed: Manual check.', 'Source: Unit-Flat Inspection — Inside E Row 132', 'Manual check', 'medium', true) on conflict (id) do update set template_key = excluded.template_key, sort_order = excluded.sort_order, name = excluded.name, category = excluded.category, inspection_type = excluded.inspection_type, description = excluded.description, how_to = excluded.how_to, equipment_needed = excluded.equipment_needed, severity = excluded.severity, is_active = true, updated_at = now();
insert into public.inspection_checklist_items (id, template_key, sort_order, name, category, inspection_type, description, how_to, equipment_needed, severity, is_active) values ('balcony-142', 'balcony', 8, 'Check balcony door lock, frame, and sliding track — smooth operation', 'Civil & Structural', 'Door & Window Check', 'Door & Window Check. Equipment needed: Manual check, silicone spray.', 'Source: Unit-Flat Inspection — Inside E Row 68', 'Manual check, silicone spray', 'medium', true) on conflict (id) do update set template_key = excluded.template_key, sort_order = excluded.sort_order, name = excluded.name, category = excluded.category, inspection_type = excluded.inspection_type, description = excluded.description, how_to = excluded.how_to, equipment_needed = excluded.equipment_needed, severity = excluded.severity, is_active = true, updated_at = now();

insert into public.inspection_checklist_templates (template_key, name, icon_name, sort_order, is_default, is_active) values ('utility-area', 'Utility Area', 'build', 8, false, true) on conflict (template_key) do update set name = excluded.name, icon_name = excluded.icon_name, sort_order = excluded.sort_order, is_default = excluded.is_default, is_active = true, updated_at = now();
insert into public.inspection_checklist_items (id, template_key, sort_order, name, category, inspection_type, description, how_to, equipment_needed, severity, is_active) values ('utility-area-143', 'utility-area', 0, 'Inspect utility tap and washing machine hose connections for damp or loose fittings', 'Plumbing & Water', 'Tap & Faucet Check', 'Tap & Faucet Check. Equipment needed: Manual check, paper towel.', 'Source: Unit-Flat Inspection — Inside E Row 4', 'Manual check, paper towel', 'medium', true) on conflict (id) do update set template_key = excluded.template_key, sort_order = excluded.sort_order, name = excluded.name, category = excluded.category, inspection_type = excluded.inspection_type, description = excluded.description, how_to = excluded.how_to, equipment_needed = excluded.equipment_needed, severity = excluded.severity, is_active = true, updated_at = now();
insert into public.inspection_checklist_items (id, template_key, sort_order, name, category, inspection_type, description, how_to, equipment_needed, severity, is_active) values ('utility-area-144', 'utility-area', 1, 'Inspect washing machine inlet hose and drain hose for splits or kinks', 'Plumbing & Water', 'Pipe Leakage Scan', 'Pipe Leakage Scan. Equipment needed: Manual check.', 'Source: Unit-Flat Inspection — Inside E Row 22', 'Manual check', 'medium', true) on conflict (id) do update set template_key = excluded.template_key, sort_order = excluded.sort_order, name = excluded.name, category = excluded.category, inspection_type = excluded.inspection_type, description = excluded.description, how_to = excluded.how_to, equipment_needed = excluded.equipment_needed, severity = excluded.severity, is_active = true, updated_at = now();
insert into public.inspection_checklist_items (id, template_key, sort_order, name, category, inspection_type, description, how_to, equipment_needed, severity, is_active) values ('utility-area-145', 'utility-area', 2, 'Confirm utility area is ventilated — no enclosed damp pocket forming', 'HVAC & Ventilation', 'Ventilation Check', 'Ventilation Check. Equipment needed: Manual check.', 'Source: Unit-Flat Inspection — Inside E Row 118', 'Manual check', 'medium', true) on conflict (id) do update set template_key = excluded.template_key, sort_order = excluded.sort_order, name = excluded.name, category = excluded.category, inspection_type = excluded.inspection_type, description = excluded.description, how_to = excluded.how_to, equipment_needed = excluded.equipment_needed, severity = excluded.severity, is_active = true, updated_at = now();
insert into public.inspection_checklist_items (id, template_key, sort_order, name, category, inspection_type, description, how_to, equipment_needed, severity, is_active) values ('utility-area-146', 'utility-area', 3, 'Check for cockroach activity in utility pipe chases and behind washing machine', 'Pest Control', 'Cockroach Activity Check', 'Cockroach Activity Check. Equipment needed: Torch, gloves.', 'Source: Unit-Flat Inspection — Inside E Row 89', 'Torch, gloves', 'high', true) on conflict (id) do update set template_key = excluded.template_key, sort_order = excluded.sort_order, name = excluded.name, category = excluded.category, inspection_type = excluded.inspection_type, description = excluded.description, how_to = excluded.how_to, equipment_needed = excluded.equipment_needed, severity = excluded.severity, is_active = true, updated_at = now();

insert into public.inspection_checklist_templates (template_key, name, icon_name, sort_order, is_default, is_active) values ('electrical-panel-mcb-room', 'Electrical Panel / Mcb Room', 'electrical_services', 9, true, true) on conflict (template_key) do update set name = excluded.name, icon_name = excluded.icon_name, sort_order = excluded.sort_order, is_default = excluded.is_default, is_active = true, updated_at = now();
insert into public.inspection_checklist_items (id, template_key, sort_order, name, category, inspection_type, description, how_to, equipment_needed, severity, is_active) values ('electrical-panel-mcb-room-147', 'electrical-panel-mcb-room', 0, 'Open MCB panel — all breakers in UP position, labels legible', 'Electrical', 'MCB / Circuit Breaker Check', 'MCB / Circuit Breaker Check. Equipment needed: Manual check, IR thermometer.', 'Source: Unit-Flat Inspection — Inside E Row 31', 'Manual check, IR thermometer', 'critical', true) on conflict (id) do update set template_key = excluded.template_key, sort_order = excluded.sort_order, name = excluded.name, category = excluded.category, inspection_type = excluded.inspection_type, description = excluded.description, how_to = excluded.how_to, equipment_needed = excluded.equipment_needed, severity = excluded.severity, is_active = true, updated_at = now();
insert into public.inspection_checklist_items (id, template_key, sort_order, name, category, inspection_type, description, how_to, equipment_needed, severity, is_active) values ('electrical-panel-mcb-room-148', 'electrical-panel-mcb-room', 1, 'Verify MCB ampere ratings match circuit loads — no bridged breakers', 'Electrical', 'MCB / Circuit Breaker Check', 'MCB / Circuit Breaker Check. Equipment needed: Manual check (read label amperage).', 'Source: Unit-Flat Inspection — Inside E Row 32', 'Manual check (read label amperage)', 'critical', true) on conflict (id) do update set template_key = excluded.template_key, sort_order = excluded.sort_order, name = excluded.name, category = excluded.category, inspection_type = excluded.inspection_type, description = excluded.description, how_to = excluded.how_to, equipment_needed = excluded.equipment_needed, severity = excluded.severity, is_active = true, updated_at = now();
insert into public.inspection_checklist_items (id, template_key, sort_order, name, category, inspection_type, description, how_to, equipment_needed, severity, is_active) values ('electrical-panel-mcb-room-149', 'electrical-panel-mcb-room', 2, 'Test ELCB / RCD trip by pressing TEST button — trips within 30ms', 'Electrical', 'MCB / Circuit Breaker Check', 'MCB / Circuit Breaker Check. Equipment needed: Manual check (press TEST button).', 'Source: Unit-Flat Inspection — Inside E Row 33', 'Manual check (press TEST button)', 'critical', true) on conflict (id) do update set template_key = excluded.template_key, sort_order = excluded.sort_order, name = excluded.name, category = excluded.category, inspection_type = excluded.inspection_type, description = excluded.description, how_to = excluded.how_to, equipment_needed = excluded.equipment_needed, severity = excluded.severity, is_active = true, updated_at = now();
insert into public.inspection_checklist_items (id, template_key, sort_order, name, category, inspection_type, description, how_to, equipment_needed, severity, is_active) values ('electrical-panel-mcb-room-150', 'electrical-panel-mcb-room', 3, 'Check earth strip inside MCB panel — all earth wires terminated firmly', 'Electrical', 'MCB / Circuit Breaker Check', 'MCB / Circuit Breaker Check. Equipment needed: Manual check, screwdriver.', 'Source: Unit-Flat Inspection — Inside E Row 34', 'Manual check, screwdriver', 'critical', true) on conflict (id) do update set template_key = excluded.template_key, sort_order = excluded.sort_order, name = excluded.name, category = excluded.category, inspection_type = excluded.inspection_type, description = excluded.description, how_to = excluded.how_to, equipment_needed = excluded.equipment_needed, severity = excluded.severity, is_active = true, updated_at = now();
insert into public.inspection_checklist_items (id, template_key, sort_order, name, category, inspection_type, description, how_to, equipment_needed, severity, is_active) values ('electrical-panel-mcb-room-151', 'electrical-panel-mcb-room', 4, 'Test inverter changeover — switch off mains, inverter powers designated circuits', 'Electrical', 'Inverter / UPS Check', 'Inverter / UPS Check. Equipment needed: Manual check.', 'Source: Unit-Flat Inspection — Inside E Row 48', 'Manual check', 'high', true) on conflict (id) do update set template_key = excluded.template_key, sort_order = excluded.sort_order, name = excluded.name, category = excluded.category, inspection_type = excluded.inspection_type, description = excluded.description, how_to = excluded.how_to, equipment_needed = excluded.equipment_needed, severity = excluded.severity, is_active = true, updated_at = now();
insert into public.inspection_checklist_items (id, template_key, sort_order, name, category, inspection_type, description, how_to, equipment_needed, severity, is_active) values ('electrical-panel-mcb-room-152', 'electrical-panel-mcb-room', 5, 'Inspect inverter battery — water level (tubular), no acid leak on tray', 'Electrical', 'Inverter / UPS Check', 'Inverter / UPS Check. Equipment needed: Manual check, gloves, torch.', 'Source: Unit-Flat Inspection — Inside E Row 47', 'Manual check, gloves, torch', 'high', true) on conflict (id) do update set template_key = excluded.template_key, sort_order = excluded.sort_order, name = excluded.name, category = excluded.category, inspection_type = excluded.inspection_type, description = excluded.description, how_to = excluded.how_to, equipment_needed = excluded.equipment_needed, severity = excluded.severity, is_active = true, updated_at = now();
insert into public.inspection_checklist_items (id, template_key, sort_order, name, category, inspection_type, description, how_to, equipment_needed, severity, is_active) values ('electrical-panel-mcb-room-153', 'electrical-panel-mcb-room', 6, 'Record inverter battery manufacturing date — flag if older than 3 years', 'Electrical', 'Inverter / UPS Check', 'Inverter / UPS Check. Equipment needed: Manual check (battery label).', 'Source: Unit-Flat Inspection — Inside E Row 49', 'Manual check (battery label)', 'medium', true) on conflict (id) do update set template_key = excluded.template_key, sort_order = excluded.sort_order, name = excluded.name, category = excluded.category, inspection_type = excluded.inspection_type, description = excluded.description, how_to = excluded.how_to, equipment_needed = excluded.equipment_needed, severity = excluded.severity, is_active = true, updated_at = now();
insert into public.inspection_checklist_items (id, template_key, sort_order, name, category, inspection_type, description, how_to, equipment_needed, severity, is_active) values ('electrical-panel-mcb-room-154', 'electrical-panel-mcb-room', 7, 'Record electricity meter reading — photograph with date stamp', 'Utility Metering', 'Electricity Meter Reading', 'Electricity Meter Reading. Equipment needed: Manual check, smartphone camera.', 'Source: Unit-Flat Inspection — Inside E Row 119', 'Manual check, smartphone camera', 'medium', true) on conflict (id) do update set template_key = excluded.template_key, sort_order = excluded.sort_order, name = excluded.name, category = excluded.category, inspection_type = excluded.inspection_type, description = excluded.description, how_to = excluded.how_to, equipment_needed = excluded.equipment_needed, severity = excluded.severity, is_active = true, updated_at = now();
insert into public.inspection_checklist_items (id, template_key, sort_order, name, category, inspection_type, description, how_to, equipment_needed, severity, is_active) values ('electrical-panel-mcb-room-155', 'electrical-panel-mcb-room', 8, 'Verify meter serial number matches tenant agreement', 'Utility Metering', 'Electricity Meter Reading', 'Electricity Meter Reading. Equipment needed: Manual check, tenancy file.', 'Source: Unit-Flat Inspection — Inside E Row 121', 'Manual check, tenancy file', 'high', true) on conflict (id) do update set template_key = excluded.template_key, sort_order = excluded.sort_order, name = excluded.name, category = excluded.category, inspection_type = excluded.inspection_type, description = excluded.description, how_to = excluded.how_to, equipment_needed = excluded.equipment_needed, severity = excluded.severity, is_active = true, updated_at = now();
insert into public.inspection_checklist_items (id, template_key, sort_order, name, category, inspection_type, description, how_to, equipment_needed, severity, is_active) values ('electrical-panel-mcb-room-156', 'electrical-panel-mcb-room', 9, 'Record water meter reading — observe dial with all taps closed (moving = hidden leak)', 'Utility Metering', 'Water Meter Check', 'Water Meter Check. Equipment needed: Manual check (observe dial).', 'Source: Unit-Flat Inspection — Inside E Row 123', 'Manual check (observe dial)', 'critical', true) on conflict (id) do update set template_key = excluded.template_key, sort_order = excluded.sort_order, name = excluded.name, category = excluded.category, inspection_type = excluded.inspection_type, description = excluded.description, how_to = excluded.how_to, equipment_needed = excluded.equipment_needed, severity = excluded.severity, is_active = true, updated_at = now();
insert into public.inspection_checklist_items (id, template_key, sort_order, name, category, inspection_type, description, how_to, equipment_needed, severity, is_active) values ('electrical-panel-mcb-room-157', 'electrical-panel-mcb-room', 10, 'Record gas meter reading — check isolation valve operates freely', 'Utility Metering', 'Gas Meter Check', 'Gas Meter Check. Equipment needed: Manual check, meter reading log.', 'Source: Unit-Flat Inspection — Inside E Row 125', 'Manual check, meter reading log', 'high', true) on conflict (id) do update set template_key = excluded.template_key, sort_order = excluded.sort_order, name = excluded.name, category = excluded.category, inspection_type = excluded.inspection_type, description = excluded.description, how_to = excluded.how_to, equipment_needed = excluded.equipment_needed, severity = excluded.severity, is_active = true, updated_at = now();
insert into public.inspection_checklist_items (id, template_key, sort_order, name, category, inspection_type, description, how_to, equipment_needed, severity, is_active) values ('electrical-panel-mcb-room-158', 'electrical-panel-mcb-room', 11, 'Test gas meter emergency isolation valve — must close fully', 'Utility Metering', 'Gas Meter Check', 'Gas Meter Check. Equipment needed: Manual check.', 'Source: Unit-Flat Inspection — Inside E Row 126', 'Manual check', 'critical', true) on conflict (id) do update set template_key = excluded.template_key, sort_order = excluded.sort_order, name = excluded.name, category = excluded.category, inspection_type = excluded.inspection_type, description = excluded.description, how_to = excluded.how_to, equipment_needed = excluded.equipment_needed, severity = excluded.severity, is_active = true, updated_at = now();

insert into public.inspection_checklist_templates (template_key, name, icon_name, sort_order, is_default, is_active) values ('loft-storage', 'Loft / Storage', 'inventory_2', 10, true, true) on conflict (template_key) do update set name = excluded.name, icon_name = excluded.icon_name, sort_order = excluded.sort_order, is_default = excluded.is_default, is_active = true, updated_at = now();
insert into public.inspection_checklist_items (id, template_key, sort_order, name, category, inspection_type, description, how_to, equipment_needed, severity, is_active) values ('loft-storage-159', 'loft-storage', 0, 'Inspect loft hatch / storage cupboard for dampness, pest signs, structural cracks', 'Storage & General', 'Loft / Storage Check', 'Loft / Storage Check. Equipment needed: Torch, gloves.', 'Source: Unit-Flat Inspection — Inside E Row 133', 'Torch, gloves', 'medium', true) on conflict (id) do update set template_key = excluded.template_key, sort_order = excluded.sort_order, name = excluded.name, category = excluded.category, inspection_type = excluded.inspection_type, description = excluded.description, how_to = excluded.how_to, equipment_needed = excluded.equipment_needed, severity = excluded.severity, is_active = true, updated_at = now();
insert into public.inspection_checklist_items (id, template_key, sort_order, name, category, inspection_type, description, how_to, equipment_needed, severity, is_active) values ('loft-storage-160', 'loft-storage', 1, 'Check loft insulation (if applicable) — no compression, water damage, or pest nesting', 'Storage & General', 'Loft / Storage Check', 'Loft / Storage Check. Equipment needed: Torch, PPE mask.', 'Source: Unit-Flat Inspection — Inside E Row 134', 'Torch, PPE mask', 'medium', true) on conflict (id) do update set template_key = excluded.template_key, sort_order = excluded.sort_order, name = excluded.name, category = excluded.category, inspection_type = excluded.inspection_type, description = excluded.description, how_to = excluded.how_to, equipment_needed = excluded.equipment_needed, severity = excluded.severity, is_active = true, updated_at = now();

insert into public.inspection_checklist_templates (template_key, name, icon_name, sort_order, is_default, is_active) values ('water-tank-overhead', 'Water Tank / Overhead', 'water_drop', 11, true, true) on conflict (template_key) do update set name = excluded.name, icon_name = excluded.icon_name, sort_order = excluded.sort_order, is_default = excluded.is_default, is_active = true, updated_at = now();
insert into public.inspection_checklist_items (id, template_key, sort_order, name, category, inspection_type, description, how_to, equipment_needed, severity, is_active) values ('water-tank-overhead-161', 'water-tank-overhead', 0, 'Check OHT ball valve — fully functional, float arm not bent causing overflow', 'Plumbing & Water', 'Water Pressure Test', 'Water Pressure Test. Equipment needed: Manual check, torch.', 'Source: Unit-Flat Inspection — Inside E Row 24', 'Manual check, torch', 'high', true) on conflict (id) do update set template_key = excluded.template_key, sort_order = excluded.sort_order, name = excluded.name, category = excluded.category, inspection_type = excluded.inspection_type, description = excluded.description, how_to = excluded.how_to, equipment_needed = excluded.equipment_needed, severity = excluded.severity, is_active = true, updated_at = now();
insert into public.inspection_checklist_items (id, template_key, sort_order, name, category, inspection_type, description, how_to, equipment_needed, severity, is_active) values ('water-tank-overhead-162', 'water-tank-overhead', 1, 'Test water pressure at kitchen, master bath, secondary bath — minimum 1.5 bar', 'Plumbing & Water', 'Water Pressure Test', 'Water Pressure Test. Equipment needed: Water pressure gauge (attach to tap thread).', 'Source: Unit-Flat Inspection — Inside E Row 23', 'Water pressure gauge (attach to tap thread)', 'medium', true) on conflict (id) do update set template_key = excluded.template_key, sort_order = excluded.sort_order, name = excluded.name, category = excluded.category, inspection_type = excluded.inspection_type, description = excluded.description, how_to = excluded.how_to, equipment_needed = excluded.equipment_needed, severity = excluded.severity, is_active = true, updated_at = now();

insert into public.inspection_checklist_templates (template_key, name, icon_name, sort_order, is_default, is_active) values ('whole-unit', 'Whole Unit', 'home_work', 12, false, true) on conflict (template_key) do update set name = excluded.name, icon_name = excluded.icon_name, sort_order = excluded.sort_order, is_default = excluded.is_default, is_active = true, updated_at = now();
insert into public.inspection_checklist_items (id, template_key, sort_order, name, category, inspection_type, description, how_to, equipment_needed, severity, is_active) values ('whole-unit-163', 'whole-unit', 0, 'Confirm resident knows fire exit route and assembly point location', 'Fire Safety', 'Evacuation Awareness Check', 'Evacuation Awareness Check. Equipment needed: Verbal check with resident.', 'Source: Unit-Flat Inspection — Inside E Row 108', 'Verbal check with resident', 'critical', true) on conflict (id) do update set template_key = excluded.template_key, sort_order = excluded.sort_order, name = excluded.name, category = excluded.category, inspection_type = excluded.inspection_type, description = excluded.description, how_to = excluded.how_to, equipment_needed = excluded.equipment_needed, severity = excluded.severity, is_active = true, updated_at = now();
insert into public.inspection_checklist_items (id, template_key, sort_order, name, category, inspection_type, description, how_to, equipment_needed, severity, is_active) values ('whole-unit-164', 'whole-unit', 1, 'Check if fire escape plan is posted inside unit', 'Fire Safety', 'Evacuation Awareness Check', 'Evacuation Awareness Check. Equipment needed: Manual check.', 'Source: Unit-Flat Inspection — Inside E Row 109', 'Manual check', 'high', true) on conflict (id) do update set template_key = excluded.template_key, sort_order = excluded.sort_order, name = excluded.name, category = excluded.category, inspection_type = excluded.inspection_type, description = excluded.description, how_to = excluded.how_to, equipment_needed = excluded.equipment_needed, severity = excluded.severity, is_active = true, updated_at = now();
insert into public.inspection_checklist_items (id, template_key, sort_order, name, category, inspection_type, description, how_to, equipment_needed, severity, is_active) values ('whole-unit-165', 'whole-unit', 2, 'Check all ant entry points — seal identified gaps with silicone sealant', 'Pest Control', 'Ant Trail Check', 'Ant Trail Check. Equipment needed: Silicone sealant gun.', 'Source: Unit-Flat Inspection — Inside E Row 94', 'Silicone sealant gun', 'medium', true) on conflict (id) do update set template_key = excluded.template_key, sort_order = excluded.sort_order, name = excluded.name, category = excluded.category, inspection_type = excluded.inspection_type, description = excluded.description, how_to = excluded.how_to, equipment_needed = excluded.equipment_needed, severity = excluded.severity, is_active = true, updated_at = now();
insert into public.inspection_checklist_items (id, template_key, sort_order, name, category, inspection_type, description, how_to, equipment_needed, severity, is_active) values ('whole-unit-166', 'whole-unit', 3, 'Inspect all walls along pipe routes for water stain marks', 'Plumbing & Water', 'Pipe Leakage Scan', 'Pipe Leakage Scan. Equipment needed: Torch, moisture meter (optional).', 'Source: Unit-Flat Inspection — Inside E Row 19', 'Torch, moisture meter (optional)', 'high', true) on conflict (id) do update set template_key = excluded.template_key, sort_order = excluded.sort_order, name = excluded.name, category = excluded.category, inspection_type = excluded.inspection_type, description = excluded.description, how_to = excluded.how_to, equipment_needed = excluded.equipment_needed, severity = excluded.severity, is_active = true, updated_at = now();
insert into public.inspection_checklist_items (id, template_key, sort_order, name, category, inspection_type, description, how_to, equipment_needed, severity, is_active) values ('whole-unit-167', 'whole-unit', 4, 'Press all exterior-facing walls at ground level — cold/damp = rising damp', 'Civil & Structural', 'Seepage & Damp Check', 'Seepage & Damp Check. Equipment needed: Manual check, moisture meter.', 'Source: Unit-Flat Inspection — Inside E Row 55', 'Manual check, moisture meter', 'high', true) on conflict (id) do update set template_key = excluded.template_key, sort_order = excluded.sort_order, name = excluded.name, category = excluded.category, inspection_type = excluded.inspection_type, description = excluded.description, how_to = excluded.how_to, equipment_needed = excluded.equipment_needed, severity = excluded.severity, is_active = true, updated_at = now();
insert into public.inspection_checklist_items (id, template_key, sort_order, name, category, inspection_type, description, how_to, equipment_needed, severity, is_active) values ('whole-unit-168', 'whole-unit', 5, 'Inspect staircase step lighting / sensor lights — PIR triggers correctly', 'Electrical', 'Fan & Light Fixture Check', 'Fan & Light Fixture Check. Equipment needed: Manual check (walk past sensor).', 'Source: Unit-Flat Inspection — Inside E Row 40', 'Manual check (walk past sensor)', 'medium', true) on conflict (id) do update set template_key = excluded.template_key, sort_order = excluded.sort_order, name = excluded.name, category = excluded.category, inspection_type = excluded.inspection_type, description = excluded.description, how_to = excluded.how_to, equipment_needed = excluded.equipment_needed, severity = excluded.severity, is_active = true, updated_at = now();
insert into public.inspection_checklist_items (id, template_key, sort_order, name, category, inspection_type, description, how_to, equipment_needed, severity, is_active) values ('whole-unit-169', 'whole-unit', 6, 'Check mosquito breeding in balcony corners, AC tray, bathroom buckets', 'Pest Control', 'Mosquito Breeding Check', 'Mosquito Breeding Check. Equipment needed: Manual check.', 'Source: Unit-Flat Inspection — Inside E Row 95', 'Manual check', 'high', true) on conflict (id) do update set template_key = excluded.template_key, sort_order = excluded.sort_order, name = excluded.name, category = excluded.category, inspection_type = excluded.inspection_type, description = excluded.description, how_to = excluded.how_to, equipment_needed = excluded.equipment_needed, severity = excluded.severity, is_active = true, updated_at = now();
insert into public.inspection_checklist_items (id, template_key, sort_order, name, category, inspection_type, description, how_to, equipment_needed, severity, is_active) values ('whole-unit-170', 'whole-unit', 7, 'Inspect ground floor door frames and skirting for termite mud tubes', 'Pest Control', 'Termite Check', 'Termite Check. Equipment needed: Torch, screwdriver (tap test).', 'Source: Unit-Flat Inspection — Inside E Row 100', 'Torch, screwdriver (tap test)', 'high', true) on conflict (id) do update set template_key = excluded.template_key, sort_order = excluded.sort_order, name = excluded.name, category = excluded.category, inspection_type = excluded.inspection_type, description = excluded.description, how_to = excluded.how_to, equipment_needed = excluded.equipment_needed, severity = excluded.severity, is_active = true, updated_at = now();
insert into public.inspection_checklist_items (id, template_key, sort_order, name, category, inspection_type, description, how_to, equipment_needed, severity, is_active) values ('whole-unit-171', 'whole-unit', 8, 'Tap kitchen cabinet base boards for hollow sound — indicates termite activity', 'Pest Control', 'Termite Check', 'Termite Check. Equipment needed: Screwdriver handle.', 'Source: Unit-Flat Inspection — Inside E Row 101', 'Screwdriver handle', 'high', true) on conflict (id) do update set template_key = excluded.template_key, sort_order = excluded.sort_order, name = excluded.name, category = excluded.category, inspection_type = excluded.inspection_type, description = excluded.description, how_to = excluded.how_to, equipment_needed = excluded.equipment_needed, severity = excluded.severity, is_active = true, updated_at = now();
insert into public.inspection_checklist_items (id, template_key, sort_order, name, category, inspection_type, description, how_to, equipment_needed, severity, is_active) values ('whole-unit-172', 'whole-unit', 9, 'Test all socket outlets throughout unit — all rooms', 'Electrical', 'Switch & Socket Check', 'Switch & Socket Check. Equipment needed: Phone/charger.', 'Source: Unit-Flat Inspection — Inside E Row 29', 'Phone/charger', 'low', true) on conflict (id) do update set template_key = excluded.template_key, sort_order = excluded.sort_order, name = excluded.name, category = excluded.category, inspection_type = excluded.inspection_type, description = excluded.description, how_to = excluded.how_to, equipment_needed = excluded.equipment_needed, severity = excluded.severity, is_active = true, updated_at = now();
insert into public.inspection_checklist_items (id, template_key, sort_order, name, category, inspection_type, description, how_to, equipment_needed, severity, is_active) values ('whole-unit-173', 'whole-unit', 10, 'Check balcony socket outlet — IP65 weatherproof cover, no corrosion', 'Electrical', 'Switch & Socket Check', 'Switch & Socket Check. Equipment needed: Manual check.', 'Source: Unit-Flat Inspection — Inside E Row 30', 'Manual check', 'high', true) on conflict (id) do update set template_key = excluded.template_key, sort_order = excluded.sort_order, name = excluded.name, category = excluded.category, inspection_type = excluded.inspection_type, description = excluded.description, how_to = excluded.how_to, equipment_needed = excluded.equipment_needed, severity = excluded.severity, is_active = true, updated_at = now();
insert into public.inspection_checklist_items (id, template_key, sort_order, name, category, inspection_type, description, how_to, equipment_needed, severity, is_active) values ('whole-unit-174', 'whole-unit', 11, 'Walk through all rooms — note general paint, scratches, fixtures needing attention', 'Storage & General', 'General Cleanliness Audit', 'General Cleanliness Audit. Equipment needed: Inspection report pad.', 'Source: Unit-Flat Inspection — Inside E Row 135', 'Inspection report pad', 'low', true) on conflict (id) do update set template_key = excluded.template_key, sort_order = excluded.sort_order, name = excluded.name, category = excluded.category, inspection_type = excluded.inspection_type, description = excluded.description, how_to = excluded.how_to, equipment_needed = excluded.equipment_needed, severity = excluded.severity, is_active = true, updated_at = now();




-- Society inspection checklist generated from Sheet2: Apartment Inspection Checklist.
insert into public.inspection_checklist_templates (template_key, inspection_kind, name, icon_name, sort_order, is_default, is_active) values ('society-main-gate-perimeter', 'society', 'Main Gate & Perimeter', 'business', 0, true, true) on conflict (template_key) do update set inspection_kind = excluded.inspection_kind, name = excluded.name, icon_name = excluded.icon_name, sort_order = excluded.sort_order, is_default = excluded.is_default, is_active = true, updated_at = now();
insert into public.inspection_checklist_items (id, template_key, sort_order, name, category, inspection_type, description, how_to, equipment_needed, severity, is_active) values ('society-main-gate-perimeter-001', 'society-main-gate-perimeter', 0, 'Inspect main gate hinges, locking bar — smooth operation, no grinding', 'Civil & Structural', 'Gate & Railing Check', 'Gate & Railing Check. Equipment needed: Manual check, grease gun.', 'Source: Apartment Inspection — Common A Row 113', 'Manual check, grease gun', 'medium', true) on conflict (id) do update set template_key = excluded.template_key, sort_order = excluded.sort_order, name = excluded.name, category = excluded.category, inspection_type = excluded.inspection_type, description = excluded.description, how_to = excluded.how_to, equipment_needed = excluded.equipment_needed, severity = excluded.severity, is_active = true, updated_at = now();
insert into public.inspection_checklist_items (id, template_key, sort_order, name, category, inspection_type, description, how_to, equipment_needed, severity, is_active) values ('society-main-gate-perimeter-002', 'society-main-gate-perimeter', 1, 'Check main gate anti-climb paint or spikes — intact and not a hazard', 'Civil & Structural', 'Gate & Railing Check', 'Gate & Railing Check. Equipment needed: Manual check.', 'Source: Apartment Inspection — Common A Row 112', 'Manual check', 'medium', true) on conflict (id) do update set template_key = excluded.template_key, sort_order = excluded.sort_order, name = excluded.name, category = excluded.category, inspection_type = excluded.inspection_type, description = excluded.description, how_to = excluded.how_to, equipment_needed = excluded.equipment_needed, severity = excluded.severity, is_active = true, updated_at = now();
insert into public.inspection_checklist_items (id, template_key, sort_order, name, category, inspection_type, description, how_to, equipment_needed, severity, is_active) values ('society-main-gate-perimeter-003', 'society-main-gate-perimeter', 2, 'Inspect staircase railings and balcony grilles — push sideways, check weld points', 'Civil & Structural', 'Gate & Railing Check', 'Gate & Railing Check. Equipment needed: Manual check, screwdriver.', 'Source: Apartment Inspection — Common A Row 111', 'Manual check, screwdriver', 'high', true) on conflict (id) do update set template_key = excluded.template_key, sort_order = excluded.sort_order, name = excluded.name, category = excluded.category, inspection_type = excluded.inspection_type, description = excluded.description, how_to = excluded.how_to, equipment_needed = excluded.equipment_needed, severity = excluded.severity, is_active = true, updated_at = now();
insert into public.inspection_checklist_items (id, template_key, sort_order, name, category, inspection_type, description, how_to, equipment_needed, severity, is_active) values ('society-main-gate-perimeter-004', 'society-main-gate-perimeter', 3, 'Check common area balcony grille welds — no separation at joins', 'Civil & Structural', 'Gate & Railing Check', 'Gate & Railing Check. Equipment needed: Manual check, torch.', 'Source: Apartment Inspection — Common A Row 114', 'Manual check, torch', 'critical', true) on conflict (id) do update set template_key = excluded.template_key, sort_order = excluded.sort_order, name = excluded.name, category = excluded.category, inspection_type = excluded.inspection_type, description = excluded.description, how_to = excluded.how_to, equipment_needed = excluded.equipment_needed, severity = excluded.severity, is_active = true, updated_at = now();
insert into public.inspection_checklist_items (id, template_key, sort_order, name, category, inspection_type, description, how_to, equipment_needed, severity, is_active) values ('society-main-gate-perimeter-005', 'society-main-gate-perimeter', 4, 'Inspect boom barrier arm — straight, motor raises/lowers smoothly', 'Parking Management', 'Boom Barrier Check', 'Boom Barrier Check. Equipment needed: Manual check.', 'Source: Apartment Inspection — Common A Row 152', 'Manual check', 'high', true) on conflict (id) do update set template_key = excluded.template_key, sort_order = excluded.sort_order, name = excluded.name, category = excluded.category, inspection_type = excluded.inspection_type, description = excluded.description, how_to = excluded.how_to, equipment_needed = excluded.equipment_needed, severity = excluded.severity, is_active = true, updated_at = now();
insert into public.inspection_checklist_items (id, template_key, sort_order, name, category, inspection_type, description, how_to, equipment_needed, severity, is_active) values ('society-main-gate-perimeter-006', 'society-main-gate-perimeter', 5, 'Test boom barrier safety sensor — hand under arm should trigger re-raise', 'Parking Management', 'Boom Barrier Check', 'Boom Barrier Check. Equipment needed: Manual check.', 'Source: Apartment Inspection — Common A Row 152', 'Manual check', 'high', true) on conflict (id) do update set template_key = excluded.template_key, sort_order = excluded.sort_order, name = excluded.name, category = excluded.category, inspection_type = excluded.inspection_type, description = excluded.description, how_to = excluded.how_to, equipment_needed = excluded.equipment_needed, severity = excluded.severity, is_active = true, updated_at = now();
insert into public.inspection_checklist_items (id, template_key, sort_order, name, category, inspection_type, description, how_to, equipment_needed, severity, is_active) values ('society-main-gate-perimeter-007', 'society-main-gate-perimeter', 6, 'Test RFID / card reader — authorised tag opens, unknown tag denied', 'Parking Management', 'Boom Barrier Check', 'Boom Barrier Check. Equipment needed: RFID card/tag, manual check.', 'Source: Apartment Inspection — Common A Row 153', 'RFID card/tag, manual check', 'high', true) on conflict (id) do update set template_key = excluded.template_key, sort_order = excluded.sort_order, name = excluded.name, category = excluded.category, inspection_type = excluded.inspection_type, description = excluded.description, how_to = excluded.how_to, equipment_needed = excluded.equipment_needed, severity = excluded.severity, is_active = true, updated_at = now();
insert into public.inspection_checklist_items (id, template_key, sort_order, name, category, inspection_type, description, how_to, equipment_needed, severity, is_active) values ('society-main-gate-perimeter-008', 'society-main-gate-perimeter', 7, 'Test loop detector in driveway — vehicle triggers barrier correctly', 'Parking Management', 'Boom Barrier Check', 'Boom Barrier Check. Equipment needed: Drive slowly over detector.', 'Source: Apartment Inspection — Common A Row 154', 'Drive slowly over detector', 'high', true) on conflict (id) do update set template_key = excluded.template_key, sort_order = excluded.sort_order, name = excluded.name, category = excluded.category, inspection_type = excluded.inspection_type, description = excluded.description, how_to = excluded.how_to, equipment_needed = excluded.equipment_needed, severity = excluded.severity, is_active = true, updated_at = now();
insert into public.inspection_checklist_items (id, template_key, sort_order, name, category, inspection_type, description, how_to, equipment_needed, severity, is_active) values ('society-main-gate-perimeter-009', 'society-main-gate-perimeter', 8, 'Verify barrier manual override key location is known to security staff', 'Parking Management', 'Boom Barrier Check', 'Boom Barrier Check. Equipment needed: Manual check, key location verification.', 'Source: Apartment Inspection — Common A Row 155', 'Manual check, key location verification', 'high', true) on conflict (id) do update set template_key = excluded.template_key, sort_order = excluded.sort_order, name = excluded.name, category = excluded.category, inspection_type = excluded.inspection_type, description = excluded.description, how_to = excluded.how_to, equipment_needed = excluded.equipment_needed, severity = excluded.severity, is_active = true, updated_at = now();
insert into public.inspection_checklist_items (id, template_key, sort_order, name, category, inspection_type, description, how_to, equipment_needed, severity, is_active) values ('society-main-gate-perimeter-010', 'society-main-gate-perimeter', 9, 'Inspect perimeter wall for rodent burrowing at base — loose soil or holes', 'Pest Control', 'Rodent Activity Check', 'Rodent Activity Check. Equipment needed: Torch, gloves.', 'Source: Apartment Inspection — Common A Row 47', 'Torch, gloves', 'high', true) on conflict (id) do update set template_key = excluded.template_key, sort_order = excluded.sort_order, name = excluded.name, category = excluded.category, inspection_type = excluded.inspection_type, description = excluded.description, how_to = excluded.how_to, equipment_needed = excluded.equipment_needed, severity = excluded.severity, is_active = true, updated_at = now();
insert into public.inspection_checklist_items (id, template_key, sort_order, name, category, inspection_type, description, how_to, equipment_needed, severity, is_active) values ('society-main-gate-perimeter-011', 'society-main-gate-perimeter', 10, 'Test access control card readers at main entry — authorised/expired cards', 'Security', 'Access Control Check', 'Access Control Check. Equipment needed: Access card set, manual check.', 'Source: Apartment Inspection — Common A Row 169', 'Access card set, manual check', 'high', true) on conflict (id) do update set template_key = excluded.template_key, sort_order = excluded.sort_order, name = excluded.name, category = excluded.category, inspection_type = excluded.inspection_type, description = excluded.description, how_to = excluded.how_to, equipment_needed = excluded.equipment_needed, severity = excluded.severity, is_active = true, updated_at = now();
insert into public.inspection_checklist_items (id, template_key, sort_order, name, category, inspection_type, description, how_to, equipment_needed, severity, is_active) values ('society-main-gate-perimeter-012', 'society-main-gate-perimeter', 11, 'Review access control log for forced-entry or repeated failed attempts', 'Security', 'Access Control Check', 'Access Control Check. Equipment needed: Access control software / panel.', 'Source: Apartment Inspection — Common A Row 170', 'Access control software / panel', 'high', true) on conflict (id) do update set template_key = excluded.template_key, sort_order = excluded.sort_order, name = excluded.name, category = excluded.category, inspection_type = excluded.inspection_type, description = excluded.description, how_to = excluded.how_to, equipment_needed = excluded.equipment_needed, severity = excluded.severity, is_active = true, updated_at = now();
insert into public.inspection_checklist_templates (template_key, inspection_kind, name, icon_name, sort_order, is_default, is_active) values ('society-security-cabin-guard-post', 'society', 'Security Cabin / Guard Post', 'business', 1, true, true) on conflict (template_key) do update set inspection_kind = excluded.inspection_kind, name = excluded.name, icon_name = excluded.icon_name, sort_order = excluded.sort_order, is_default = excluded.is_default, is_active = true, updated_at = now();
insert into public.inspection_checklist_items (id, template_key, sort_order, name, category, inspection_type, description, how_to, equipment_needed, severity, is_active) values ('society-security-cabin-guard-post-013', 'society-security-cabin-guard-post', 0, 'Check guard cabin log book — current, visitor register filled, emergency numbers posted', 'Security', 'Guard Post Check', 'Guard Post Check. Equipment needed: Manual check (log book review).', 'Source: Apartment Inspection — Common A Row 166', 'Manual check (log book review)', 'high', true) on conflict (id) do update set template_key = excluded.template_key, sort_order = excluded.sort_order, name = excluded.name, category = excluded.category, inspection_type = excluded.inspection_type, description = excluded.description, how_to = excluded.how_to, equipment_needed = excluded.equipment_needed, severity = excluded.severity, is_active = true, updated_at = now();
insert into public.inspection_checklist_items (id, template_key, sort_order, name, category, inspection_type, description, how_to, equipment_needed, severity, is_active) values ('society-security-cabin-guard-post-014', 'society-security-cabin-guard-post', 1, 'Verify guard has working radio/phone and torch', 'Security', 'Guard Post Check', 'Guard Post Check. Equipment needed: Manual check.', 'Source: Apartment Inspection — Common A Row 167', 'Manual check', 'high', true) on conflict (id) do update set template_key = excluded.template_key, sort_order = excluded.sort_order, name = excluded.name, category = excluded.category, inspection_type = excluded.inspection_type, description = excluded.description, how_to = excluded.how_to, equipment_needed = excluded.equipment_needed, severity = excluded.severity, is_active = true, updated_at = now();
insert into public.inspection_checklist_items (id, template_key, sort_order, name, category, inspection_type, description, how_to, equipment_needed, severity, is_active) values ('society-security-cabin-guard-post-015', 'society-security-cabin-guard-post', 2, 'Test intercom from guard post to all apartment units — clear audio both ways', 'Security', 'Guard Post Check', 'Guard Post Check. Equipment needed: Manual check (call selected units).', 'Source: Apartment Inspection — Common A Row 168', 'Manual check (call selected units)', 'high', true) on conflict (id) do update set template_key = excluded.template_key, sort_order = excluded.sort_order, name = excluded.name, category = excluded.category, inspection_type = excluded.inspection_type, description = excluded.description, how_to = excluded.how_to, equipment_needed = excluded.equipment_needed, severity = excluded.severity, is_active = true, updated_at = now();
insert into public.inspection_checklist_items (id, template_key, sort_order, name, category, inspection_type, description, how_to, equipment_needed, severity, is_active) values ('society-security-cabin-guard-post-016', 'society-security-cabin-guard-post', 3, 'Check fire alarm panel in security room — all zones show Normal, no fault indicators', 'Fire Safety', 'Alarm Panel Check', 'Alarm Panel Check. Equipment needed: Manual check.', 'Source: Apartment Inspection — Common A Row 143', 'Manual check', 'critical', true) on conflict (id) do update set template_key = excluded.template_key, sort_order = excluded.sort_order, name = excluded.name, category = excluded.category, inspection_type = excluded.inspection_type, description = excluded.description, how_to = excluded.how_to, equipment_needed = excluded.equipment_needed, severity = excluded.severity, is_active = true, updated_at = now();
insert into public.inspection_checklist_items (id, template_key, sort_order, name, category, inspection_type, description, how_to, equipment_needed, severity, is_active) values ('society-security-cabin-guard-post-017', 'society-security-cabin-guard-post', 4, 'Inspect break-glass call points at lobby — glass intact, not tampered', 'Fire Safety', 'Alarm Panel Check', 'Alarm Panel Check. Equipment needed: Manual check.', 'Source: Apartment Inspection — Common A Row 146', 'Manual check', 'critical', true) on conflict (id) do update set template_key = excluded.template_key, sort_order = excluded.sort_order, name = excluded.name, category = excluded.category, inspection_type = excluded.inspection_type, description = excluded.description, how_to = excluded.how_to, equipment_needed = excluded.equipment_needed, severity = excluded.severity, is_active = true, updated_at = now();
insert into public.inspection_checklist_items (id, template_key, sort_order, name, category, inspection_type, description, how_to, equipment_needed, severity, is_active) values ('society-security-cabin-guard-post-018', 'society-security-cabin-guard-post', 5, 'Log book review — last DG run, last fire drill, pest control dates all recorded', 'Security', 'Guard Post Check', 'Guard Post Check. Equipment needed: Manual check (log book).', 'Source: New (Added) —', 'Manual check (log book)', 'high', true) on conflict (id) do update set template_key = excluded.template_key, sort_order = excluded.sort_order, name = excluded.name, category = excluded.category, inspection_type = excluded.inspection_type, description = excluded.description, how_to = excluded.how_to, equipment_needed = excluded.equipment_needed, severity = excluded.severity, is_active = true, updated_at = now();
insert into public.inspection_checklist_templates (template_key, inspection_kind, name, icon_name, sort_order, is_default, is_active) values ('society-main-lobby-entrance', 'society', 'Main Lobby & Entrance', 'business', 2, true, true) on conflict (template_key) do update set inspection_kind = excluded.inspection_kind, name = excluded.name, icon_name = excluded.icon_name, sort_order = excluded.sort_order, is_default = excluded.is_default, is_active = true, updated_at = now();
insert into public.inspection_checklist_items (id, template_key, sort_order, name, category, inspection_type, description, how_to, equipment_needed, severity, is_active) values ('society-main-lobby-entrance-019', 'society-main-lobby-entrance', 0, 'Inspect lobby floor for mopping streaks, dust near corners, entrance mat cleanliness', 'Housekeeping', 'Cleanliness Audit', 'Cleanliness Audit. Equipment needed: Manual check, microfibre cloth.', 'Source: Apartment Inspection — Common A Row 5', 'Manual check, microfibre cloth', 'high', true) on conflict (id) do update set template_key = excluded.template_key, sort_order = excluded.sort_order, name = excluded.name, category = excluded.category, inspection_type = excluded.inspection_type, description = excluded.description, how_to = excluded.how_to, equipment_needed = excluded.equipment_needed, severity = excluded.severity, is_active = true, updated_at = now();
insert into public.inspection_checklist_items (id, template_key, sort_order, name, category, inspection_type, description, how_to, equipment_needed, severity, is_active) values ('society-main-lobby-entrance-020', 'society-main-lobby-entrance', 1, 'Check lobby ceiling — no cobwebs, light fixtures clean, no peeling paint', 'Housekeeping', 'Cleanliness Audit', 'Cleanliness Audit. Equipment needed: Torch, manual check.', 'Source: Apartment Inspection — Common A Row 6', 'Torch, manual check', 'medium', true) on conflict (id) do update set template_key = excluded.template_key, sort_order = excluded.sort_order, name = excluded.name, category = excluded.category, inspection_type = excluded.inspection_type, description = excluded.description, how_to = excluded.how_to, equipment_needed = excluded.equipment_needed, severity = excluded.severity, is_active = true, updated_at = now();
insert into public.inspection_checklist_items (id, template_key, sort_order, name, category, inspection_type, description, how_to, equipment_needed, severity, is_active) values ('society-main-lobby-entrance-021', 'society-main-lobby-entrance', 2, 'Check entrance door closer — closes fully and quietly, no slam or bounce-back', 'Housekeeping', 'Cleanliness Audit', 'Cleanliness Audit. Equipment needed: Manual check.', 'Source: Apartment Inspection — Common A Row 8', 'Manual check', 'high', true) on conflict (id) do update set template_key = excluded.template_key, sort_order = excluded.sort_order, name = excluded.name, category = excluded.category, inspection_type = excluded.inspection_type, description = excluded.description, how_to = excluded.how_to, equipment_needed = excluded.equipment_needed, severity = excluded.severity, is_active = true, updated_at = now();
insert into public.inspection_checklist_items (id, template_key, sort_order, name, category, inspection_type, description, how_to, equipment_needed, severity, is_active) values ('society-main-lobby-entrance-022', 'society-main-lobby-entrance', 3, 'Inspect notice board — notices current, no litter pinned haphazardly', 'Housekeeping', 'Cleanliness Audit', 'Cleanliness Audit. Equipment needed: Manual check.', 'Source: Apartment Inspection — Common A Row 7', 'Manual check', 'low', true) on conflict (id) do update set template_key = excluded.template_key, sort_order = excluded.sort_order, name = excluded.name, category = excluded.category, inspection_type = excluded.inspection_type, description = excluded.description, how_to = excluded.how_to, equipment_needed = excluded.equipment_needed, severity = excluded.severity, is_active = true, updated_at = now();
insert into public.inspection_checklist_items (id, template_key, sort_order, name, category, inspection_type, description, how_to, equipment_needed, severity, is_active) values ('society-main-lobby-entrance-023', 'society-main-lobby-entrance', 4, 'Inspect letterbox/mailbox bank — clean, no overflow, all locks functional', 'Housekeeping', 'Cleanliness Audit', 'Cleanliness Audit. Equipment needed: Manual check.', 'Source: Apartment Inspection — Common A Row 9', 'Manual check', 'low', true) on conflict (id) do update set template_key = excluded.template_key, sort_order = excluded.sort_order, name = excluded.name, category = excluded.category, inspection_type = excluded.inspection_type, description = excluded.description, how_to = excluded.how_to, equipment_needed = excluded.equipment_needed, severity = excluded.severity, is_active = true, updated_at = now();
insert into public.inspection_checklist_items (id, template_key, sort_order, name, category, inspection_type, description, how_to, equipment_needed, severity, is_active) values ('society-main-lobby-entrance-024', 'society-main-lobby-entrance', 5, 'Check all lobby lights — no fused/flickering bulbs', 'Electrical', 'Lighting Check', 'Lighting Check. Equipment needed: Manual check.', 'Source: Apartment Inspection — Common A Row 71', 'Manual check', 'high', true) on conflict (id) do update set template_key = excluded.template_key, sort_order = excluded.sort_order, name = excluded.name, category = excluded.category, inspection_type = excluded.inspection_type, description = excluded.description, how_to = excluded.how_to, equipment_needed = excluded.equipment_needed, severity = excluded.severity, is_active = true, updated_at = now();
insert into public.inspection_checklist_items (id, template_key, sort_order, name, category, inspection_type, description, how_to, equipment_needed, severity, is_active) values ('society-main-lobby-entrance-025', 'society-main-lobby-entrance', 6, 'Test emergency exit light in lobby — press test button, holds 3 hours', 'Electrical', 'Lighting Check', 'Lighting Check. Equipment needed: Manual check (press and hold test button).', 'Source: Apartment Inspection — Common A Row 73', 'Manual check (press and hold test button)', 'critical', true) on conflict (id) do update set template_key = excluded.template_key, sort_order = excluded.sort_order, name = excluded.name, category = excluded.category, inspection_type = excluded.inspection_type, description = excluded.description, how_to = excluded.how_to, equipment_needed = excluded.equipment_needed, severity = excluded.severity, is_active = true, updated_at = now();
insert into public.inspection_checklist_items (id, template_key, sort_order, name, category, inspection_type, description, how_to, equipment_needed, severity, is_active) values ('society-main-lobby-entrance-026', 'society-main-lobby-entrance', 7, 'Inspect lobby walls for new cracks, seepage stains, or plaster bulging', 'Civil & Structural', 'Crack & Seepage Inspection', 'Crack & Seepage Inspection. Equipment needed: Torch, crack width gauge.', 'Source: Apartment Inspection — Common A Row 104', 'Torch, crack width gauge', 'high', true) on conflict (id) do update set template_key = excluded.template_key, sort_order = excluded.sort_order, name = excluded.name, category = excluded.category, inspection_type = excluded.inspection_type, description = excluded.description, how_to = excluded.how_to, equipment_needed = excluded.equipment_needed, severity = excluded.severity, is_active = true, updated_at = now();
insert into public.inspection_checklist_items (id, template_key, sort_order, name, category, inspection_type, description, how_to, equipment_needed, severity, is_active) values ('society-main-lobby-entrance-027', 'society-main-lobby-entrance', 8, 'Check all building signage — floor numbers, exit routes, no-smoking signs', 'Civil & Structural', 'Signage & Wayfinding Check', 'Signage & Wayfinding Check. Equipment needed: Manual check.', 'Source: Apartment Inspection — Common A Row 115', 'Manual check', 'medium', true) on conflict (id) do update set template_key = excluded.template_key, sort_order = excluded.sort_order, name = excluded.name, category = excluded.category, inspection_type = excluded.inspection_type, description = excluded.description, how_to = excluded.how_to, equipment_needed = excluded.equipment_needed, severity = excluded.severity, is_active = true, updated_at = now();
insert into public.inspection_checklist_items (id, template_key, sort_order, name, category, inspection_type, description, how_to, equipment_needed, severity, is_active) values ('society-main-lobby-entrance-028', 'society-main-lobby-entrance', 9, 'Verify signage is bilingual where required and not defaced or obscured', 'Civil & Structural', 'Signage & Wayfinding Check', 'Signage & Wayfinding Check. Equipment needed: Manual check.', 'Source: Apartment Inspection — Common A Row 116', 'Manual check', 'low', true) on conflict (id) do update set template_key = excluded.template_key, sort_order = excluded.sort_order, name = excluded.name, category = excluded.category, inspection_type = excluded.inspection_type, description = excluded.description, how_to = excluded.how_to, equipment_needed = excluded.equipment_needed, severity = excluded.severity, is_active = true, updated_at = now();
insert into public.inspection_checklist_templates (template_key, inspection_kind, name, icon_name, sort_order, is_default, is_active) values ('society-lift-cabin', 'society', 'Lift — Cabin', 'business', 3, true, true) on conflict (template_key) do update set inspection_kind = excluded.inspection_kind, name = excluded.name, icon_name = excluded.icon_name, sort_order = excluded.sort_order, is_default = excluded.is_default, is_active = true, updated_at = now();
insert into public.inspection_checklist_items (id, template_key, sort_order, name, category, inspection_type, description, how_to, equipment_needed, severity, is_active) values ('society-lift-cabin-029', 'society-lift-cabin', 0, 'Inspect lift floor, walls, buttons, mirror — clean, no scratches or stains', 'Housekeeping', 'Cleanliness Audit', 'Cleanliness Audit. Equipment needed: Manual check, torch.', 'Source: Apartment Inspection — Common A Row 10', 'Manual check, torch', 'high', true) on conflict (id) do update set template_key = excluded.template_key, sort_order = excluded.sort_order, name = excluded.name, category = excluded.category, inspection_type = excluded.inspection_type, description = excluded.description, how_to = excluded.how_to, equipment_needed = excluded.equipment_needed, severity = excluded.severity, is_active = true, updated_at = now();
insert into public.inspection_checklist_items (id, template_key, sort_order, name, category, inspection_type, description, how_to, equipment_needed, severity, is_active) values ('society-lift-cabin-030', 'society-lift-cabin', 1, 'Check lift door rubber seals — no splits, door closes fully without gap', 'Housekeeping', 'Cleanliness Audit', 'Cleanliness Audit. Equipment needed: Manual check.', 'Source: Apartment Inspection — Common A Row 11', 'Manual check', 'high', true) on conflict (id) do update set template_key = excluded.template_key, sort_order = excluded.sort_order, name = excluded.name, category = excluded.category, inspection_type = excluded.inspection_type, description = excluded.description, how_to = excluded.how_to, equipment_needed = excluded.equipment_needed, severity = excluded.severity, is_active = true, updated_at = now();
insert into public.inspection_checklist_items (id, template_key, sort_order, name, category, inspection_type, description, how_to, equipment_needed, severity, is_active) values ('society-lift-cabin-031', 'society-lift-cabin', 2, 'Verify current inspection certificate is posted inside cabin', 'Housekeeping', 'Cleanliness Audit', 'Cleanliness Audit. Equipment needed: Manual check (read date).', 'Source: Apartment Inspection — Common A Row 12', 'Manual check (read date)', 'critical', true) on conflict (id) do update set template_key = excluded.template_key, sort_order = excluded.sort_order, name = excluded.name, category = excluded.category, inspection_type = excluded.inspection_type, description = excluded.description, how_to = excluded.how_to, equipment_needed = excluded.equipment_needed, severity = excluded.severity, is_active = true, updated_at = now();
insert into public.inspection_checklist_items (id, template_key, sort_order, name, category, inspection_type, description, how_to, equipment_needed, severity, is_active) values ('society-lift-cabin-032', 'society-lift-cabin', 3, 'Test lift ventilation fan — operates quietly when doors closed', 'Housekeeping', 'Cleanliness Audit', 'Cleanliness Audit. Equipment needed: Manual check (listen during ride).', 'Source: Apartment Inspection — Common A Row 13', 'Manual check (listen during ride)', 'medium', true) on conflict (id) do update set template_key = excluded.template_key, sort_order = excluded.sort_order, name = excluded.name, category = excluded.category, inspection_type = excluded.inspection_type, description = excluded.description, how_to = excluded.how_to, equipment_needed = excluded.equipment_needed, severity = excluded.severity, is_active = true, updated_at = now();
insert into public.inspection_checklist_items (id, template_key, sort_order, name, category, inspection_type, description, how_to, equipment_needed, severity, is_active) values ('society-lift-cabin-033', 'society-lift-cabin', 4, 'Ride lift to each floor — door closes fully, floor levelling no step >1cm', 'Lift & Elevator', 'Cabin & Door Check', 'Cabin & Door Check. Equipment needed: Manual check.', 'Source: Apartment Inspection — Common A Row 117', 'Manual check', 'critical', true) on conflict (id) do update set template_key = excluded.template_key, sort_order = excluded.sort_order, name = excluded.name, category = excluded.category, inspection_type = excluded.inspection_type, description = excluded.description, how_to = excluded.how_to, equipment_needed = excluded.equipment_needed, severity = excluded.severity, is_active = true, updated_at = now();
insert into public.inspection_checklist_items (id, template_key, sort_order, name, category, inspection_type, description, how_to, equipment_needed, severity, is_active) values ('society-lift-cabin-034', 'society-lift-cabin', 5, 'Test door obstruction reversal — place hand in path, door must reopen', 'Lift & Elevator', 'Cabin & Door Check', 'Cabin & Door Check. Equipment needed: Manual check (use hand or object).', 'Source: Apartment Inspection — Common A Row 118', 'Manual check (use hand or object)', 'critical', true) on conflict (id) do update set template_key = excluded.template_key, sort_order = excluded.sort_order, name = excluded.name, category = excluded.category, inspection_type = excluded.inspection_type, description = excluded.description, how_to = excluded.how_to, equipment_needed = excluded.equipment_needed, severity = excluded.severity, is_active = true, updated_at = now();
insert into public.inspection_checklist_items (id, template_key, sort_order, name, category, inspection_type, description, how_to, equipment_needed, severity, is_active) values ('society-lift-cabin-035', 'society-lift-cabin', 6, 'Check door gap at meeting point — must not exceed 6mm', 'Lift & Elevator', 'Cabin & Door Check', 'Cabin & Door Check. Equipment needed: Feeler gauge or ruler.', 'Source: Apartment Inspection — Common A Row 119', 'Feeler gauge or ruler', 'critical', true) on conflict (id) do update set template_key = excluded.template_key, sort_order = excluded.sort_order, name = excluded.name, category = excluded.category, inspection_type = excluded.inspection_type, description = excluded.description, how_to = excluded.how_to, equipment_needed = excluded.equipment_needed, severity = excluded.severity, is_active = true, updated_at = now();
insert into public.inspection_checklist_items (id, template_key, sort_order, name, category, inspection_type, description, how_to, equipment_needed, severity, is_active) values ('society-lift-cabin-036', 'society-lift-cabin', 7, 'Verify lift overload alarm — add excess weight, confirm alarm sounds', 'Lift & Elevator', 'Cabin & Door Check', 'Cabin & Door Check. Equipment needed: Manual check (with lift vendor AMC team).', 'Source: Apartment Inspection — Common A Row 120', 'Manual check (with lift vendor AMC team)', 'critical', true) on conflict (id) do update set template_key = excluded.template_key, sort_order = excluded.sort_order, name = excluded.name, category = excluded.category, inspection_type = excluded.inspection_type, description = excluded.description, how_to = excluded.how_to, equipment_needed = excluded.equipment_needed, severity = excluded.severity, is_active = true, updated_at = now();
insert into public.inspection_checklist_items (id, template_key, sort_order, name, category, inspection_type, description, how_to, equipment_needed, severity, is_active) values ('society-lift-cabin-037', 'society-lift-cabin', 8, 'Press emergency call button — alarm sounds, call connects to security', 'Lift & Elevator', 'Cabin & Door Check', 'Cabin & Door Check. Equipment needed: Manual check.', 'Source: New (Added) —', 'Manual check', 'critical', true) on conflict (id) do update set template_key = excluded.template_key, sort_order = excluded.sort_order, name = excluded.name, category = excluded.category, inspection_type = excluded.inspection_type, description = excluded.description, how_to = excluded.how_to, equipment_needed = excluded.equipment_needed, severity = excluded.severity, is_active = true, updated_at = now();
insert into public.inspection_checklist_templates (template_key, inspection_kind, name, icon_name, sort_order, is_default, is_active) values ('society-lift-machine-room', 'society', 'Lift — Machine Room', 'business', 4, true, true) on conflict (template_key) do update set inspection_kind = excluded.inspection_kind, name = excluded.name, icon_name = excluded.icon_name, sort_order = excluded.sort_order, is_default = excluded.is_default, is_active = true, updated_at = now();
insert into public.inspection_checklist_items (id, template_key, sort_order, name, category, inspection_type, description, how_to, equipment_needed, severity, is_active) values ('society-lift-machine-room-038', 'society-lift-machine-room', 0, 'Enter motor room — listen for grinding/humming beyond normal operation', 'Lift & Elevator', 'Motor Room Check', 'Motor Room Check. Equipment needed: Torch, IR thermometer.', 'Source: Apartment Inspection — Common A Row 121', 'Torch, IR thermometer', 'critical', true) on conflict (id) do update set template_key = excluded.template_key, sort_order = excluded.sort_order, name = excluded.name, category = excluded.category, inspection_type = excluded.inspection_type, description = excluded.description, how_to = excluded.how_to, equipment_needed = excluded.equipment_needed, severity = excluded.severity, is_active = true, updated_at = now();
insert into public.inspection_checklist_items (id, template_key, sort_order, name, category, inspection_type, description, how_to, equipment_needed, severity, is_active) values ('society-lift-machine-room-039', 'society-lift-machine-room', 1, 'Inspect traction ropes/belts — no fraying, correct tension, no kinks', 'Lift & Elevator', 'Motor Room Check', 'Motor Room Check. Equipment needed: Torch, manual check.', 'Source: Apartment Inspection — Common A Row 122', 'Torch, manual check', 'critical', true) on conflict (id) do update set template_key = excluded.template_key, sort_order = excluded.sort_order, name = excluded.name, category = excluded.category, inspection_type = excluded.inspection_type, description = excluded.description, how_to = excluded.how_to, equipment_needed = excluded.equipment_needed, severity = excluded.severity, is_active = true, updated_at = now();
insert into public.inspection_checklist_items (id, template_key, sort_order, name, category, inspection_type, description, how_to, equipment_needed, severity, is_active) values ('society-lift-machine-room-040', 'society-lift-machine-room', 2, 'Check motor room temperature — should not exceed 40°C, ventilation fan on', 'Lift & Elevator', 'Motor Room Check', 'Motor Room Check. Equipment needed: IR thermometer.', 'Source: Apartment Inspection — Common A Row 123', 'IR thermometer', 'high', true) on conflict (id) do update set template_key = excluded.template_key, sort_order = excluded.sort_order, name = excluded.name, category = excluded.category, inspection_type = excluded.inspection_type, description = excluded.description, how_to = excluded.how_to, equipment_needed = excluded.equipment_needed, severity = excluded.severity, is_active = true, updated_at = now();
insert into public.inspection_checklist_items (id, template_key, sort_order, name, category, inspection_type, description, how_to, equipment_needed, severity, is_active) values ('society-lift-machine-room-041', 'society-lift-machine-room', 3, 'Review lift maintenance log book — last AMC visit, reported issues, sign-off', 'Lift & Elevator', 'Motor Room Check', 'Motor Room Check. Equipment needed: Manual check (log book).', 'Source: Apartment Inspection — Common A Row 124', 'Manual check (log book)', 'critical', true) on conflict (id) do update set template_key = excluded.template_key, sort_order = excluded.sort_order, name = excluded.name, category = excluded.category, inspection_type = excluded.inspection_type, description = excluded.description, how_to = excluded.how_to, equipment_needed = excluded.equipment_needed, severity = excluded.severity, is_active = true, updated_at = now();
insert into public.inspection_checklist_items (id, template_key, sort_order, name, category, inspection_type, description, how_to, equipment_needed, severity, is_active) values ('society-lift-machine-room-042', 'society-lift-machine-room', 4, 'Confirm annual statutory inspection is current — certificate in cabin', 'Lift & Elevator', 'Motor Room Check', 'Motor Room Check. Equipment needed: Manual check (certificate date).', 'Source: Apartment Inspection — Common A Row 125', 'Manual check (certificate date)', 'critical', true) on conflict (id) do update set template_key = excluded.template_key, sort_order = excluded.sort_order, name = excluded.name, category = excluded.category, inspection_type = excluded.inspection_type, description = excluded.description, how_to = excluded.how_to, equipment_needed = excluded.equipment_needed, severity = excluded.severity, is_active = true, updated_at = now();
insert into public.inspection_checklist_templates (template_key, inspection_kind, name, icon_name, sort_order, is_default, is_active) values ('society-lift-pit', 'society', 'Lift — Pit', 'business', 5, true, true) on conflict (template_key) do update set inspection_kind = excluded.inspection_kind, name = excluded.name, icon_name = excluded.icon_name, sort_order = excluded.sort_order, is_default = excluded.is_default, is_active = true, updated_at = now();
insert into public.inspection_checklist_items (id, template_key, sort_order, name, category, inspection_type, description, how_to, equipment_needed, severity, is_active) values ('society-lift-pit-043', 'society-lift-pit', 0, 'Shine torch into pit — any water accumulation triggers immediate vendor call', 'Lift & Elevator', 'Pit Check', 'Pit Check. Equipment needed: Torch (shine from pit access door).', 'Source: Apartment Inspection — Common A Row 126', 'Torch (shine from pit access door)', 'critical', true) on conflict (id) do update set template_key = excluded.template_key, sort_order = excluded.sort_order, name = excluded.name, category = excluded.category, inspection_type = excluded.inspection_type, description = excluded.description, how_to = excluded.how_to, equipment_needed = excluded.equipment_needed, severity = excluded.severity, is_active = true, updated_at = now();
insert into public.inspection_checklist_items (id, template_key, sort_order, name, category, inspection_type, description, how_to, equipment_needed, severity, is_active) values ('society-lift-pit-044', 'society-lift-pit', 1, 'Check pit stop switch and ladder — accessible and functional', 'Lift & Elevator', 'Pit Check', 'Pit Check. Equipment needed: Manual check.', 'Source: Apartment Inspection — Common A Row 127', 'Manual check', 'critical', true) on conflict (id) do update set template_key = excluded.template_key, sort_order = excluded.sort_order, name = excluded.name, category = excluded.category, inspection_type = excluded.inspection_type, description = excluded.description, how_to = excluded.how_to, equipment_needed = excluded.equipment_needed, severity = excluded.severity, is_active = true, updated_at = now();
insert into public.inspection_checklist_templates (template_key, inspection_kind, name, icon_name, sort_order, is_default, is_active) values ('society-staircase-floor-corridors', 'society', 'Staircase & Floor Corridors', 'business', 6, true, true) on conflict (template_key) do update set inspection_kind = excluded.inspection_kind, name = excluded.name, icon_name = excluded.icon_name, sort_order = excluded.sort_order, is_default = excluded.is_default, is_active = true, updated_at = now();
insert into public.inspection_checklist_items (id, template_key, sort_order, name, category, inspection_type, description, how_to, equipment_needed, severity, is_active) values ('society-staircase-floor-corridors-045', 'society-staircase-floor-corridors', 0, 'Inspect each floor landing and stair risers for dust, stains, cobwebs', 'Housekeeping', 'Cleanliness Audit', 'Cleanliness Audit. Equipment needed: Manual check, torch/flashlight.', 'Source: Apartment Inspection — Common A Row 1', 'Manual check, torch/flashlight', 'medium', true) on conflict (id) do update set template_key = excluded.template_key, sort_order = excluded.sort_order, name = excluded.name, category = excluded.category, inspection_type = excluded.inspection_type, description = excluded.description, how_to = excluded.how_to, equipment_needed = excluded.equipment_needed, severity = excluded.severity, is_active = true, updated_at = now();
insert into public.inspection_checklist_items (id, template_key, sort_order, name, category, inspection_type, description, how_to, equipment_needed, severity, is_active) values ('society-staircase-floor-corridors-046', 'society-staircase-floor-corridors', 1, 'Check stair nosing anti-slip strips — not loose, worn, or peeling', 'Housekeeping', 'Cleanliness Audit', 'Cleanliness Audit. Equipment needed: Manual check.', 'Source: Apartment Inspection — Common A Row 2', 'Manual check', 'high', true) on conflict (id) do update set template_key = excluded.template_key, sort_order = excluded.sort_order, name = excluded.name, category = excluded.category, inspection_type = excluded.inspection_type, description = excluded.description, how_to = excluded.how_to, equipment_needed = excluded.equipment_needed, severity = excluded.severity, is_active = true, updated_at = now();
insert into public.inspection_checklist_items (id, template_key, sort_order, name, category, inspection_type, description, how_to, equipment_needed, severity, is_active) values ('society-staircase-floor-corridors-047', 'society-staircase-floor-corridors', 2, 'Check emergency exit signage on each landing — illuminated, correct direction', 'Housekeeping', 'Cleanliness Audit', 'Cleanliness Audit. Equipment needed: Manual check.', 'Source: Apartment Inspection — Common A Row 3', 'Manual check', 'critical', true) on conflict (id) do update set template_key = excluded.template_key, sort_order = excluded.sort_order, name = excluded.name, category = excluded.category, inspection_type = excluded.inspection_type, description = excluded.description, how_to = excluded.how_to, equipment_needed = excluded.equipment_needed, severity = excluded.severity, is_active = true, updated_at = now();
insert into public.inspection_checklist_items (id, template_key, sort_order, name, category, inspection_type, description, how_to, equipment_needed, severity, is_active) values ('society-staircase-floor-corridors-048', 'society-staircase-floor-corridors', 3, 'Inspect handrail paint/coating — no rust, no flaking at grip zone', 'Housekeeping', 'Cleanliness Audit', 'Cleanliness Audit. Equipment needed: Manual check.', 'Source: Apartment Inspection — Common A Row 4', 'Manual check', 'medium', true) on conflict (id) do update set template_key = excluded.template_key, sort_order = excluded.sort_order, name = excluded.name, category = excluded.category, inspection_type = excluded.inspection_type, description = excluded.description, how_to = excluded.how_to, equipment_needed = excluded.equipment_needed, severity = excluded.severity, is_active = true, updated_at = now();
insert into public.inspection_checklist_items (id, template_key, sort_order, name, category, inspection_type, description, how_to, equipment_needed, severity, is_active) values ('society-staircase-floor-corridors-049', 'society-staircase-floor-corridors', 4, 'Walk corridor each floor — check for dirt, litter, cobwebs in light fixtures', 'Housekeeping', 'Cleanliness Audit', 'Cleanliness Audit. Equipment needed: Manual check.', 'Source: Apartment Inspection — Common A Row 14', 'Manual check', 'medium', true) on conflict (id) do update set template_key = excluded.template_key, sort_order = excluded.sort_order, name = excluded.name, category = excluded.category, inspection_type = excluded.inspection_type, description = excluded.description, how_to = excluded.how_to, equipment_needed = excluded.equipment_needed, severity = excluded.severity, is_active = true, updated_at = now();
insert into public.inspection_checklist_items (id, template_key, sort_order, name, category, inspection_type, description, how_to, equipment_needed, severity, is_active) values ('society-staircase-floor-corridors-050', 'society-staircase-floor-corridors', 5, 'Check corridor egress width — no resident items blocking minimum clear width', 'Housekeeping', 'Cleanliness Audit', 'Cleanliness Audit. Equipment needed: Manual check, measuring tape.', 'Source: Apartment Inspection — Common A Row 15', 'Manual check, measuring tape', 'high', true) on conflict (id) do update set template_key = excluded.template_key, sort_order = excluded.sort_order, name = excluded.name, category = excluded.category, inspection_type = excluded.inspection_type, description = excluded.description, how_to = excluded.how_to, equipment_needed = excluded.equipment_needed, severity = excluded.severity, is_active = true, updated_at = now();
insert into public.inspection_checklist_items (id, template_key, sort_order, name, category, inspection_type, description, how_to, equipment_needed, severity, is_active) values ('society-staircase-floor-corridors-051', 'society-staircase-floor-corridors', 6, 'Test emergency lighting on each floor — press test button on each unit', 'Electrical', 'Lighting Check', 'Lighting Check. Equipment needed: Manual check (press test button).', 'Source: Apartment Inspection — Common A Row 73', 'Manual check (press test button)', 'critical', true) on conflict (id) do update set template_key = excluded.template_key, sort_order = excluded.sort_order, name = excluded.name, category = excluded.category, inspection_type = excluded.inspection_type, description = excluded.description, how_to = excluded.how_to, equipment_needed = excluded.equipment_needed, severity = excluded.severity, is_active = true, updated_at = now();
insert into public.inspection_checklist_items (id, template_key, sort_order, name, category, inspection_type, description, how_to, equipment_needed, severity, is_active) values ('society-staircase-floor-corridors-052', 'society-staircase-floor-corridors', 7, 'Check corridor lights — no fused/flickering bulbs', 'Electrical', 'Lighting Check', 'Lighting Check. Equipment needed: Manual check.', 'Source: Apartment Inspection — Common A Row 71', 'Manual check', 'high', true) on conflict (id) do update set template_key = excluded.template_key, sort_order = excluded.sort_order, name = excluded.name, category = excluded.category, inspection_type = excluded.inspection_type, description = excluded.description, how_to = excluded.how_to, equipment_needed = excluded.equipment_needed, severity = excluded.severity, is_active = true, updated_at = now();
insert into public.inspection_checklist_items (id, template_key, sort_order, name, category, inspection_type, description, how_to, equipment_needed, severity, is_active) values ('society-staircase-floor-corridors-053', 'society-staircase-floor-corridors', 8, 'Test PIR/motion sensor lights in corridors — triggers and resets correctly', 'Electrical', 'Lighting Check', 'Lighting Check. Equipment needed: Manual check (walk past sensors).', 'Source: Apartment Inspection — Common A Row 72', 'Manual check (walk past sensors)', 'medium', true) on conflict (id) do update set template_key = excluded.template_key, sort_order = excluded.sort_order, name = excluded.name, category = excluded.category, inspection_type = excluded.inspection_type, description = excluded.description, how_to = excluded.how_to, equipment_needed = excluded.equipment_needed, severity = excluded.severity, is_active = true, updated_at = now();
insert into public.inspection_checklist_items (id, template_key, sort_order, name, category, inspection_type, description, how_to, equipment_needed, severity, is_active) values ('society-staircase-floor-corridors-054', 'society-staircase-floor-corridors', 9, 'Inspect fire hose reel at each floor landing — kinks, nozzle, valve operation', 'Fire Safety', 'Hose Reel & Hydrant Check', 'Hose Reel & Hydrant Check. Equipment needed: Manual check.', 'Source: Apartment Inspection — Common A Row 138', 'Manual check', 'critical', true) on conflict (id) do update set template_key = excluded.template_key, sort_order = excluded.sort_order, name = excluded.name, category = excluded.category, inspection_type = excluded.inspection_type, description = excluded.description, how_to = excluded.how_to, equipment_needed = excluded.equipment_needed, severity = excluded.severity, is_active = true, updated_at = now();
insert into public.inspection_checklist_items (id, template_key, sort_order, name, category, inspection_type, description, how_to, equipment_needed, severity, is_active) values ('society-staircase-floor-corridors-055', 'society-staircase-floor-corridors', 10, 'Test landing valve — open 45°, water flows within 5 seconds', 'Fire Safety', 'Hose Reel & Hydrant Check', 'Hose Reel & Hydrant Check. Equipment needed: Manual check (bucket).', 'Source: Apartment Inspection — Common A Row 139', 'Manual check (bucket)', 'critical', true) on conflict (id) do update set template_key = excluded.template_key, sort_order = excluded.sort_order, name = excluded.name, category = excluded.category, inspection_type = excluded.inspection_type, description = excluded.description, how_to = excluded.how_to, equipment_needed = excluded.equipment_needed, severity = excluded.severity, is_active = true, updated_at = now();
insert into public.inspection_checklist_items (id, template_key, sort_order, name, category, inspection_type, description, how_to, equipment_needed, severity, is_active) values ('society-staircase-floor-corridors-056', 'society-staircase-floor-corridors', 11, 'Inspect fire extinguisher at each floor — pressure green zone, pin intact, bracket secure', 'Fire Safety', 'Extinguisher Check', 'Extinguisher Check. Equipment needed: Manual check.', 'Source: Apartment Inspection — Common A Row 135', 'Manual check', 'critical', true) on conflict (id) do update set template_key = excluded.template_key, sort_order = excluded.sort_order, name = excluded.name, category = excluded.category, inspection_type = excluded.inspection_type, description = excluded.description, how_to = excluded.how_to, equipment_needed = excluded.equipment_needed, severity = excluded.severity, is_active = true, updated_at = now();
insert into public.inspection_checklist_items (id, template_key, sort_order, name, category, inspection_type, description, how_to, equipment_needed, severity, is_active) values ('society-staircase-floor-corridors-057', 'society-staircase-floor-corridors', 12, 'Verify extinguisher type correct per zone — CO2 for electrical, ABC for general', 'Fire Safety', 'Extinguisher Check', 'Extinguisher Check. Equipment needed: Manual check (label).', 'Source: Apartment Inspection — Common A Row 136', 'Manual check (label)', 'critical', true) on conflict (id) do update set template_key = excluded.template_key, sort_order = excluded.sort_order, name = excluded.name, category = excluded.category, inspection_type = excluded.inspection_type, description = excluded.description, how_to = excluded.how_to, equipment_needed = excluded.equipment_needed, severity = excluded.severity, is_active = true, updated_at = now();
insert into public.inspection_checklist_items (id, template_key, sort_order, name, category, inspection_type, description, how_to, equipment_needed, severity, is_active) values ('society-staircase-floor-corridors-058', 'society-staircase-floor-corridors', 13, 'Record last hydro-test date — replace or re-test every 5 years', 'Fire Safety', 'Extinguisher Check', 'Extinguisher Check. Equipment needed: Manual check (body stamp).', 'Source: Apartment Inspection — Common A Row 137', 'Manual check (body stamp)', 'critical', true) on conflict (id) do update set template_key = excluded.template_key, sort_order = excluded.sort_order, name = excluded.name, category = excluded.category, inspection_type = excluded.inspection_type, description = excluded.description, how_to = excluded.how_to, equipment_needed = excluded.equipment_needed, severity = excluded.severity, is_active = true, updated_at = now();
insert into public.inspection_checklist_items (id, template_key, sort_order, name, category, inspection_type, description, how_to, equipment_needed, severity, is_active) values ('society-staircase-floor-corridors-059', 'society-staircase-floor-corridors', 14, 'Inspect walls on each floor for new cracks or seepage stain patches', 'Civil & Structural', 'Crack & Seepage Inspection', 'Crack & Seepage Inspection. Equipment needed: Torch, crack width gauge.', 'Source: Apartment Inspection — Common A Row 104', 'Torch, crack width gauge', 'high', true) on conflict (id) do update set template_key = excluded.template_key, sort_order = excluded.sort_order, name = excluded.name, category = excluded.category, inspection_type = excluded.inspection_type, description = excluded.description, how_to = excluded.how_to, equipment_needed = excluded.equipment_needed, severity = excluded.severity, is_active = true, updated_at = now();
insert into public.inspection_checklist_items (id, template_key, sort_order, name, category, inspection_type, description, how_to, equipment_needed, severity, is_active) values ('society-staircase-floor-corridors-060', 'society-staircase-floor-corridors', 15, 'Check common area pipe ducts — gaps sealed, no rodent gnaw marks', 'Pest Control', 'Rodent Activity Check', 'Rodent Activity Check. Equipment needed: Torch, gloves.', 'Source: Apartment Inspection — Common A Row 48', 'Torch, gloves', 'high', true) on conflict (id) do update set template_key = excluded.template_key, sort_order = excluded.sort_order, name = excluded.name, category = excluded.category, inspection_type = excluded.inspection_type, description = excluded.description, how_to = excluded.how_to, equipment_needed = excluded.equipment_needed, severity = excluded.severity, is_active = true, updated_at = now();
insert into public.inspection_checklist_items (id, template_key, sort_order, name, category, inspection_type, description, how_to, equipment_needed, severity, is_active) values ('society-staircase-floor-corridors-061', 'society-staircase-floor-corridors', 16, 'Inspect for cockroach activity in corridor electrical meter boxes', 'Pest Control', 'Pest Activity Check', 'Pest Activity Check. Equipment needed: Torch, gloves.', 'Source: Apartment Inspection — Common A Row 42', 'Torch, gloves', 'high', true) on conflict (id) do update set template_key = excluded.template_key, sort_order = excluded.sort_order, name = excluded.name, category = excluded.category, inspection_type = excluded.inspection_type, description = excluded.description, how_to = excluded.how_to, equipment_needed = excluded.equipment_needed, severity = excluded.severity, is_active = true, updated_at = now();
insert into public.inspection_checklist_items (id, template_key, sort_order, name, category, inspection_type, description, how_to, equipment_needed, severity, is_active) values ('society-staircase-floor-corridors-062', 'society-staircase-floor-corridors', 17, 'Check all corridor sprinkler heads — no paint, dust caps, or element damage', 'Fire Safety', 'Sprinkler System Check', 'Sprinkler System Check. Equipment needed: Manual check, torch.', 'Source: Apartment Inspection — Common A Row 147', 'Manual check, torch', 'critical', true) on conflict (id) do update set template_key = excluded.template_key, sort_order = excluded.sort_order, name = excluded.name, category = excluded.category, inspection_type = excluded.inspection_type, description = excluded.description, how_to = excluded.how_to, equipment_needed = excluded.equipment_needed, severity = excluded.severity, is_active = true, updated_at = now();
insert into public.inspection_checklist_items (id, template_key, sort_order, name, category, inspection_type, description, how_to, equipment_needed, severity, is_active) values ('society-staircase-floor-corridors-063', 'society-staircase-floor-corridors', 18, 'Inspect break-glass call points on each floor — glass intact, not tampered', 'Fire Safety', 'Alarm Panel Check', 'Alarm Panel Check. Equipment needed: Manual check.', 'Source: Apartment Inspection — Common A Row 146', 'Manual check', 'critical', true) on conflict (id) do update set template_key = excluded.template_key, sort_order = excluded.sort_order, name = excluded.name, category = excluded.category, inspection_type = excluded.inspection_type, description = excluded.description, how_to = excluded.how_to, equipment_needed = excluded.equipment_needed, severity = excluded.severity, is_active = true, updated_at = now();
insert into public.inspection_checklist_templates (template_key, inspection_kind, name, icon_name, sort_order, is_default, is_active) values ('society-terrace-rooftop', 'society', 'Terrace & Rooftop', 'business', 7, true, true) on conflict (template_key) do update set inspection_kind = excluded.inspection_kind, name = excluded.name, icon_name = excluded.icon_name, sort_order = excluded.sort_order, is_default = excluded.is_default, is_active = true, updated_at = now();
insert into public.inspection_checklist_items (id, template_key, sort_order, name, category, inspection_type, description, how_to, equipment_needed, severity, is_active) values ('society-terrace-rooftop-064', 'society-terrace-rooftop', 0, 'Walk full terrace perimeter — check leaf/plastic debris, bird droppings', 'Housekeeping', 'Cleanliness Audit', 'Cleanliness Audit. Equipment needed: Manual check, broom.', 'Source: Apartment Inspection — Common A Row 17', 'Manual check, broom', 'medium', true) on conflict (id) do update set template_key = excluded.template_key, sort_order = excluded.sort_order, name = excluded.name, category = excluded.category, inspection_type = excluded.inspection_type, description = excluded.description, how_to = excluded.how_to, equipment_needed = excluded.equipment_needed, severity = excluded.severity, is_active = true, updated_at = now();
insert into public.inspection_checklist_items (id, template_key, sort_order, name, category, inspection_type, description, how_to, equipment_needed, severity, is_active) values ('society-terrace-rooftop-065', 'society-terrace-rooftop', 1, 'Check terrace parapet wall — no loose coping stones, no cracks at base', 'Housekeeping', 'Cleanliness Audit', 'Cleanliness Audit. Equipment needed: Manual check.', 'Source: Apartment Inspection — Common A Row 18', 'Manual check', 'critical', true) on conflict (id) do update set template_key = excluded.template_key, sort_order = excluded.sort_order, name = excluded.name, category = excluded.category, inspection_type = excluded.inspection_type, description = excluded.description, how_to = excluded.how_to, equipment_needed = excluded.equipment_needed, severity = excluded.severity, is_active = true, updated_at = now();
insert into public.inspection_checklist_items (id, template_key, sort_order, name, category, inspection_type, description, how_to, equipment_needed, severity, is_active) values ('society-terrace-rooftop-066', 'society-terrace-rooftop', 2, 'Inspect rooftop water tank platform — no corrosion of support structure', 'Housekeeping', 'Cleanliness Audit', 'Cleanliness Audit. Equipment needed: Torch, manual check.', 'Source: Apartment Inspection — Common A Row 19', 'Torch, manual check', 'high', true) on conflict (id) do update set template_key = excluded.template_key, sort_order = excluded.sort_order, name = excluded.name, category = excluded.category, inspection_type = excluded.inspection_type, description = excluded.description, how_to = excluded.how_to, equipment_needed = excluded.equipment_needed, severity = excluded.severity, is_active = true, updated_at = now();
insert into public.inspection_checklist_items (id, template_key, sort_order, name, category, inspection_type, description, how_to, equipment_needed, severity, is_active) values ('society-terrace-rooftop-067', 'society-terrace-rooftop', 3, 'Check terrace waterproofing integrity — no cracks in membrane, drain spouts clear', 'Civil & Structural', 'Terrace Waterproofing Check', 'Terrace Waterproofing Check. Equipment needed: Manual check, water ponding test.', 'Source: Apartment Inspection — Common A Row 108', 'Manual check, water ponding test', 'critical', true) on conflict (id) do update set template_key = excluded.template_key, sort_order = excluded.sort_order, name = excluded.name, category = excluded.category, inspection_type = excluded.inspection_type, description = excluded.description, how_to = excluded.how_to, equipment_needed = excluded.equipment_needed, severity = excluded.severity, is_active = true, updated_at = now();
insert into public.inspection_checklist_items (id, template_key, sort_order, name, category, inspection_type, description, how_to, equipment_needed, severity, is_active) values ('society-terrace-rooftop-068', 'society-terrace-rooftop', 4, 'Inspect expansion joints on terrace — sealant not cracked, joints not bridged', 'Civil & Structural', 'Terrace Waterproofing Check', 'Terrace Waterproofing Check. Equipment needed: Manual check, screwdriver.', 'Source: Apartment Inspection — Common A Row 109', 'Manual check, screwdriver', 'critical', true) on conflict (id) do update set template_key = excluded.template_key, sort_order = excluded.sort_order, name = excluded.name, category = excluded.category, inspection_type = excluded.inspection_type, description = excluded.description, how_to = excluded.how_to, equipment_needed = excluded.equipment_needed, severity = excluded.severity, is_active = true, updated_at = now();
insert into public.inspection_checklist_items (id, template_key, sort_order, name, category, inspection_type, description, how_to, equipment_needed, severity, is_active) values ('society-terrace-rooftop-069', 'society-terrace-rooftop', 5, 'Check parapet wall coping tile bedding — no looseness, mortar joint intact', 'Civil & Structural', 'Terrace Waterproofing Check', 'Terrace Waterproofing Check. Equipment needed: Manual check (gentle push on coping).', 'Source: Apartment Inspection — Common A Row 110', 'Manual check (gentle push on coping)', 'critical', true) on conflict (id) do update set template_key = excluded.template_key, sort_order = excluded.sort_order, name = excluded.name, category = excluded.category, inspection_type = excluded.inspection_type, description = excluded.description, how_to = excluded.how_to, equipment_needed = excluded.equipment_needed, severity = excluded.severity, is_active = true, updated_at = now();
insert into public.inspection_checklist_items (id, template_key, sort_order, name, category, inspection_type, description, how_to, equipment_needed, severity, is_active) values ('society-terrace-rooftop-070', 'society-terrace-rooftop', 6, 'Check terrace fire hydrant outlet — cap in place, no corrosion on coupling threads', 'Fire Safety', 'Hose Reel & Hydrant Check', 'Hose Reel & Hydrant Check. Equipment needed: Manual check, wrench.', 'Source: Apartment Inspection — Common A Row 140', 'Manual check, wrench', 'high', true) on conflict (id) do update set template_key = excluded.template_key, sort_order = excluded.sort_order, name = excluded.name, category = excluded.category, inspection_type = excluded.inspection_type, description = excluded.description, how_to = excluded.how_to, equipment_needed = excluded.equipment_needed, severity = excluded.severity, is_active = true, updated_at = now();
insert into public.inspection_checklist_items (id, template_key, sort_order, name, category, inspection_type, description, how_to, equipment_needed, severity, is_active) values ('society-terrace-rooftop-071', 'society-terrace-rooftop', 7, 'Inspect terrace drain openings — press foot near drain to check water movement', 'Plumbing & Water', 'Drain & Sewage Check', 'Drain & Sewage Check. Equipment needed: Manual check.', 'Source: Apartment Inspection — Common A Row 99', 'Manual check', 'high', true) on conflict (id) do update set template_key = excluded.template_key, sort_order = excluded.sort_order, name = excluded.name, category = excluded.category, inspection_type = excluded.inspection_type, description = excluded.description, how_to = excluded.how_to, equipment_needed = excluded.equipment_needed, severity = excluded.severity, is_active = true, updated_at = now();
insert into public.inspection_checklist_items (id, template_key, sort_order, name, category, inspection_type, description, how_to, equipment_needed, severity, is_active) values ('society-terrace-rooftop-072', 'society-terrace-rooftop', 8, 'Inspect all terrace plant containers and water trays for mosquito larvae', 'Pest Control', 'Mosquito Check', 'Mosquito Check. Equipment needed: Manual check, gloves.', 'Source: Apartment Inspection — Common A Row 44', 'Manual check, gloves', 'critical', true) on conflict (id) do update set template_key = excluded.template_key, sort_order = excluded.sort_order, name = excluded.name, category = excluded.category, inspection_type = excluded.inspection_type, description = excluded.description, how_to = excluded.how_to, equipment_needed = excluded.equipment_needed, severity = excluded.severity, is_active = true, updated_at = now();
insert into public.inspection_checklist_items (id, template_key, sort_order, name, category, inspection_type, description, how_to, equipment_needed, severity, is_active) values ('society-terrace-rooftop-073', 'society-terrace-rooftop', 9, 'Inspect OHT interior cleanliness biannually — algae, sediment, cracks', 'Plumbing & Water', 'Tank Cleanliness Check', 'Tank Cleanliness Check. Equipment needed: Torch, ladder, sample collection bottle.', 'Source: Apartment Inspection — Common A Row 96', 'Torch, ladder, sample collection bottle', 'critical', true) on conflict (id) do update set template_key = excluded.template_key, sort_order = excluded.sort_order, name = excluded.name, category = excluded.category, inspection_type = excluded.inspection_type, description = excluded.description, how_to = excluded.how_to, equipment_needed = excluded.equipment_needed, severity = excluded.severity, is_active = true, updated_at = now();
insert into public.inspection_checklist_items (id, template_key, sort_order, name, category, inspection_type, description, how_to, equipment_needed, severity, is_active) values ('society-terrace-rooftop-074', 'society-terrace-rooftop', 10, 'After OHT cleaning — chlorinate (5mg/L) and flush before resuming supply', 'Plumbing & Water', 'Tank Cleanliness Check', 'Tank Cleanliness Check. Equipment needed: Sodium hypochlorite solution, measuring kit.', 'Source: Apartment Inspection — Common A Row 97', 'Sodium hypochlorite solution, measuring kit', 'critical', true) on conflict (id) do update set template_key = excluded.template_key, sort_order = excluded.sort_order, name = excluded.name, category = excluded.category, inspection_type = excluded.inspection_type, description = excluded.description, how_to = excluded.how_to, equipment_needed = excluded.equipment_needed, severity = excluded.severity, is_active = true, updated_at = now();
insert into public.inspection_checklist_items (id, template_key, sort_order, name, category, inspection_type, description, how_to, equipment_needed, severity, is_active) values ('society-terrace-rooftop-075', 'society-terrace-rooftop', 11, 'Check external façade from rooftop edge — binoculars scan for cracks or loose cladding', 'Civil & Structural', 'Crack & Seepage Inspection', 'Crack & Seepage Inspection. Equipment needed: Binoculars.', 'Source: Apartment Inspection — Common A Row 105', 'Binoculars', 'critical', true) on conflict (id) do update set template_key = excluded.template_key, sort_order = excluded.sort_order, name = excluded.name, category = excluded.category, inspection_type = excluded.inspection_type, description = excluded.description, how_to = excluded.how_to, equipment_needed = excluded.equipment_needed, severity = excluded.severity, is_active = true, updated_at = now();
insert into public.inspection_checklist_templates (template_key, inspection_kind, name, icon_name, sort_order, is_default, is_active) values ('society-parking', 'society', 'Parking', 'business', 8, true, true) on conflict (template_key) do update set inspection_kind = excluded.inspection_kind, name = excluded.name, icon_name = excluded.icon_name, sort_order = excluded.sort_order, is_default = excluded.is_default, is_active = true, updated_at = now();
insert into public.inspection_checklist_items (id, template_key, sort_order, name, category, inspection_type, description, how_to, equipment_needed, severity, is_active) values ('society-parking-076', 'society-parking', 0, 'Walk each bay row — check litter, oil/fuel stains, debris near speed breakers', 'Housekeeping', 'Cleanliness Audit', 'Cleanliness Audit. Equipment needed: Manual check, torch.', 'Source: Apartment Inspection — Common A Row 20', 'Manual check, torch', 'low', true) on conflict (id) do update set template_key = excluded.template_key, sort_order = excluded.sort_order, name = excluded.name, category = excluded.category, inspection_type = excluded.inspection_type, description = excluded.description, how_to = excluded.how_to, equipment_needed = excluded.equipment_needed, severity = excluded.severity, is_active = true, updated_at = now();
insert into public.inspection_checklist_items (id, template_key, sort_order, name, category, inspection_type, description, how_to, equipment_needed, severity, is_active) values ('society-parking-077', 'society-parking', 1, 'Check parking bay marking lines — visible, not faded beyond recognition', 'Housekeeping', 'Cleanliness Audit', 'Cleanliness Audit. Equipment needed: Manual check.', 'Source: Apartment Inspection — Common A Row 21', 'Manual check', 'low', true) on conflict (id) do update set template_key = excluded.template_key, sort_order = excluded.sort_order, name = excluded.name, category = excluded.category, inspection_type = excluded.inspection_type, description = excluded.description, how_to = excluded.how_to, equipment_needed = excluded.equipment_needed, severity = excluded.severity, is_active = true, updated_at = now();
insert into public.inspection_checklist_items (id, template_key, sort_order, name, category, inspection_type, description, how_to, equipment_needed, severity, is_active) values ('society-parking-078', 'society-parking', 2, 'Inspect parking ceiling for water seepage stains or rebar rust bleed-through', 'Housekeeping', 'Cleanliness Audit', 'Cleanliness Audit. Equipment needed: Torch, manual check.', 'Source: Apartment Inspection — Common A Row 22', 'Torch, manual check', 'high', true) on conflict (id) do update set template_key = excluded.template_key, sort_order = excluded.sort_order, name = excluded.name, category = excluded.category, inspection_type = excluded.inspection_type, description = excluded.description, how_to = excluded.how_to, equipment_needed = excluded.equipment_needed, severity = excluded.severity, is_active = true, updated_at = now();
insert into public.inspection_checklist_items (id, template_key, sort_order, name, category, inspection_type, description, how_to, equipment_needed, severity, is_active) values ('society-parking-079', 'society-parking', 3, 'Verify parking CO exhaust fans are operational — run fans, check all activate', 'Housekeeping', 'Cleanliness Audit', 'Cleanliness Audit. Equipment needed: Manual check (run fans).', 'Source: Apartment Inspection — Common A Row 23', 'Manual check (run fans)', 'critical', true) on conflict (id) do update set template_key = excluded.template_key, sort_order = excluded.sort_order, name = excluded.name, category = excluded.category, inspection_type = excluded.inspection_type, description = excluded.description, how_to = excluded.how_to, equipment_needed = excluded.equipment_needed, severity = excluded.severity, is_active = true, updated_at = now();
insert into public.inspection_checklist_items (id, template_key, sort_order, name, category, inspection_type, description, how_to, equipment_needed, severity, is_active) values ('society-parking-080', 'society-parking', 4, 'Verify parking lighting achieves minimum 100 lux at floor level', 'Electrical', 'Lighting Check', 'Lighting Check. Equipment needed: Lux meter or smartphone app.', 'Source: Apartment Inspection — Common A Row 75', 'Lux meter or smartphone app', 'high', true) on conflict (id) do update set template_key = excluded.template_key, sort_order = excluded.sort_order, name = excluded.name, category = excluded.category, inspection_type = excluded.inspection_type, description = excluded.description, how_to = excluded.how_to, equipment_needed = excluded.equipment_needed, severity = excluded.severity, is_active = true, updated_at = now();
insert into public.inspection_checklist_items (id, template_key, sort_order, name, category, inspection_type, description, how_to, equipment_needed, severity, is_active) values ('society-parking-081', 'society-parking', 5, 'Check external façade and basement retaining walls for seepage', 'Civil & Structural', 'Crack & Seepage Inspection', 'Crack & Seepage Inspection. Equipment needed: Torch, crack gauge.', 'Source: Apartment Inspection — Common A Row 107', 'Torch, crack gauge', 'critical', true) on conflict (id) do update set template_key = excluded.template_key, sort_order = excluded.sort_order, name = excluded.name, category = excluded.category, inspection_type = excluded.inspection_type, description = excluded.description, how_to = excluded.how_to, equipment_needed = excluded.equipment_needed, severity = excluded.severity, is_active = true, updated_at = now();
insert into public.inspection_checklist_items (id, template_key, sort_order, name, category, inspection_type, description, how_to, equipment_needed, severity, is_active) values ('society-parking-082', 'society-parking', 6, 'Check basement for water ponding or seepage through retaining walls', 'Plumbing & Water', 'Leakage Inspection', 'Leakage Inspection. Equipment needed: Torch, squeegee (if water present).', 'Source: Apartment Inspection — Common A Row 94', 'Torch, squeegee (if water present)', 'critical', true) on conflict (id) do update set template_key = excluded.template_key, sort_order = excluded.sort_order, name = excluded.name, category = excluded.category, inspection_type = excluded.inspection_type, description = excluded.description, how_to = excluded.how_to, equipment_needed = excluded.equipment_needed, severity = excluded.severity, is_active = true, updated_at = now();
insert into public.inspection_checklist_items (id, template_key, sort_order, name, category, inspection_type, description, how_to, equipment_needed, severity, is_active) values ('society-parking-083', 'society-parking', 7, 'Inspect drain grates for blockage — pour 1L water and observe drain speed', 'Plumbing & Water', 'Drain & Sewage Check', 'Drain & Sewage Check. Equipment needed: Manual check, torch.', 'Source: Apartment Inspection — Common A Row 99', 'Manual check, torch', 'high', true) on conflict (id) do update set template_key = excluded.template_key, sort_order = excluded.sort_order, name = excluded.name, category = excluded.category, inspection_type = excluded.inspection_type, description = excluded.description, how_to = excluded.how_to, equipment_needed = excluded.equipment_needed, severity = excluded.severity, is_active = true, updated_at = now();
insert into public.inspection_checklist_items (id, template_key, sort_order, name, category, inspection_type, description, how_to, equipment_needed, severity, is_active) values ('society-parking-084', 'society-parking', 8, 'Inspect rodent droppings, gnaw marks, bait station status in parking', 'Pest Control', 'Rodent Activity Check', 'Rodent Activity Check. Equipment needed: Torch, gloves.', 'Source: Apartment Inspection — Common A Row 46', 'Torch, gloves', 'high', true) on conflict (id) do update set template_key = excluded.template_key, sort_order = excluded.sort_order, name = excluded.name, category = excluded.category, inspection_type = excluded.inspection_type, description = excluded.description, how_to = excluded.how_to, equipment_needed = excluded.equipment_needed, severity = excluded.severity, is_active = true, updated_at = now();
insert into public.inspection_checklist_items (id, template_key, sort_order, name, category, inspection_type, description, how_to, equipment_needed, severity, is_active) values ('society-parking-085', 'society-parking', 9, 'Inspect all parking fire extinguishers — pressure, pin, bracket', 'Fire Safety', 'Extinguisher Check', 'Extinguisher Check. Equipment needed: Manual check.', 'Source: Apartment Inspection — Common A Row 135', 'Manual check', 'critical', true) on conflict (id) do update set template_key = excluded.template_key, sort_order = excluded.sort_order, name = excluded.name, category = excluded.category, inspection_type = excluded.inspection_type, description = excluded.description, how_to = excluded.how_to, equipment_needed = excluded.equipment_needed, severity = excluded.severity, is_active = true, updated_at = now();
insert into public.inspection_checklist_items (id, template_key, sort_order, name, category, inspection_type, description, how_to, equipment_needed, severity, is_active) values ('society-parking-086', 'society-parking', 10, 'Check all parking sprinkler heads — no damage, no paint over heads', 'Fire Safety', 'Sprinkler System Check', 'Sprinkler System Check. Equipment needed: Manual check, torch.', 'Source: Apartment Inspection — Common A Row 147', 'Manual check, torch', 'critical', true) on conflict (id) do update set template_key = excluded.template_key, sort_order = excluded.sort_order, name = excluded.name, category = excluded.category, inspection_type = excluded.inspection_type, description = excluded.description, how_to = excluded.how_to, equipment_needed = excluded.equipment_needed, severity = excluded.severity, is_active = true, updated_at = now();
insert into public.inspection_checklist_items (id, template_key, sort_order, name, category, inspection_type, description, how_to, equipment_needed, severity, is_active) values ('society-parking-087', 'society-parking', 11, 'Check all CCTV cameras — live feed clear, angles correct, lens clean', 'Parking Management', 'CCTV Coverage Check', 'CCTV Coverage Check. Equipment needed: NVR/DVR monitor or mobile app.', 'Source: Apartment Inspection — Common A Row 159', 'NVR/DVR monitor or mobile app', 'high', true) on conflict (id) do update set template_key = excluded.template_key, sort_order = excluded.sort_order, name = excluded.name, category = excluded.category, inspection_type = excluded.inspection_type, description = excluded.description, how_to = excluded.how_to, equipment_needed = excluded.equipment_needed, severity = excluded.severity, is_active = true, updated_at = now();
insert into public.inspection_checklist_items (id, template_key, sort_order, name, category, inspection_type, description, how_to, equipment_needed, severity, is_active) values ('society-parking-088', 'society-parking', 12, 'Verify NVR storage — minimum 30 days footage retained, not full', 'Parking Management', 'CCTV Coverage Check', 'CCTV Coverage Check. Equipment needed: NVR access (check storage bar).', 'Source: Apartment Inspection — Common A Row 160', 'NVR access (check storage bar)', 'high', true) on conflict (id) do update set template_key = excluded.template_key, sort_order = excluded.sort_order, name = excluded.name, category = excluded.category, inspection_type = excluded.inspection_type, description = excluded.description, how_to = excluded.how_to, equipment_needed = excluded.equipment_needed, severity = excluded.severity, is_active = true, updated_at = now();
insert into public.inspection_checklist_items (id, template_key, sort_order, name, category, inspection_type, description, how_to, equipment_needed, severity, is_active) values ('society-parking-089', 'society-parking', 13, 'Inspect speed limit signs, directional arrows, column protection markers', 'Parking Management', 'Parking Signage & Safety', 'Parking Signage & Safety. Equipment needed: Manual check.', 'Source: Apartment Inspection — Common A Row 163', 'Manual check', 'medium', true) on conflict (id) do update set template_key = excluded.template_key, sort_order = excluded.sort_order, name = excluded.name, category = excluded.category, inspection_type = excluded.inspection_type, description = excluded.description, how_to = excluded.how_to, equipment_needed = excluded.equipment_needed, severity = excluded.severity, is_active = true, updated_at = now();
insert into public.inspection_checklist_items (id, template_key, sort_order, name, category, inspection_type, description, how_to, equipment_needed, severity, is_active) values ('society-parking-090', 'society-parking', 14, 'Check parking column corner guards — intact, no sharp exposed edges', 'Parking Management', 'Parking Signage & Safety', 'Parking Signage & Safety. Equipment needed: Manual check.', 'Source: Apartment Inspection — Common A Row 164', 'Manual check', 'medium', true) on conflict (id) do update set template_key = excluded.template_key, sort_order = excluded.sort_order, name = excluded.name, category = excluded.category, inspection_type = excluded.inspection_type, description = excluded.description, how_to = excluded.how_to, equipment_needed = excluded.equipment_needed, severity = excluded.severity, is_active = true, updated_at = now();
insert into public.inspection_checklist_items (id, template_key, sort_order, name, category, inspection_type, description, how_to, equipment_needed, severity, is_active) values ('society-parking-091', 'society-parking', 15, 'Verify disabled bay markings and signage present — space not misused', 'Parking Management', 'Parking Signage & Safety', 'Parking Signage & Safety. Equipment needed: Manual check.', 'Source: Apartment Inspection — Common A Row 165', 'Manual check', 'high', true) on conflict (id) do update set template_key = excluded.template_key, sort_order = excluded.sort_order, name = excluded.name, category = excluded.category, inspection_type = excluded.inspection_type, description = excluded.description, how_to = excluded.how_to, equipment_needed = excluded.equipment_needed, severity = excluded.severity, is_active = true, updated_at = now();
insert into public.inspection_checklist_items (id, template_key, sort_order, name, category, inspection_type, description, how_to, equipment_needed, severity, is_active) values ('society-parking-092', 'society-parking', 16, 'Inspect EV charger units — LED green, cable intact, socket no bent pins', 'Parking Management', 'EV Charging Point Check', 'EV Charging Point Check. Equipment needed: Manual check.', 'Source: Apartment Inspection — Common A Row 156', 'Manual check', 'medium', true) on conflict (id) do update set template_key = excluded.template_key, sort_order = excluded.sort_order, name = excluded.name, category = excluded.category, inspection_type = excluded.inspection_type, description = excluded.description, how_to = excluded.how_to, equipment_needed = excluded.equipment_needed, severity = excluded.severity, is_active = true, updated_at = now();
insert into public.inspection_checklist_items (id, template_key, sort_order, name, category, inspection_type, description, how_to, equipment_needed, severity, is_active) values ('society-parking-093', 'society-parking', 17, 'Test EV charger RCD — press test button, circuit trips immediately', 'Parking Management', 'EV Charging Point Check', 'EV Charging Point Check. Equipment needed: Manual check.', 'Source: Apartment Inspection — Common A Row 158', 'Manual check', 'critical', true) on conflict (id) do update set template_key = excluded.template_key, sort_order = excluded.sort_order, name = excluded.name, category = excluded.category, inspection_type = excluded.inspection_type, description = excluded.description, how_to = excluded.how_to, equipment_needed = excluded.equipment_needed, severity = excluded.severity, is_active = true, updated_at = now();
insert into public.inspection_checklist_items (id, template_key, sort_order, name, category, inspection_type, description, how_to, equipment_needed, severity, is_active) values ('society-parking-094', 'society-parking', 18, 'Check NVR UPS battery — powers NVR minimum 4 hours during power failure', 'Parking Management', 'CCTV Coverage Check', 'CCTV Coverage Check. Equipment needed: Manual check (test button on UPS).', 'Source: Apartment Inspection — Common A Row 162', 'Manual check (test button on UPS)', 'high', true) on conflict (id) do update set template_key = excluded.template_key, sort_order = excluded.sort_order, name = excluded.name, category = excluded.category, inspection_type = excluded.inspection_type, description = excluded.description, how_to = excluded.how_to, equipment_needed = excluded.equipment_needed, severity = excluded.severity, is_active = true, updated_at = now();
insert into public.inspection_checklist_templates (template_key, inspection_kind, name, icon_name, sort_order, is_default, is_active) values ('society-pump-room', 'society', 'Pump Room', 'business', 9, true, true) on conflict (template_key) do update set inspection_kind = excluded.inspection_kind, name = excluded.name, icon_name = excluded.icon_name, sort_order = excluded.sort_order, is_default = excluded.is_default, is_active = true, updated_at = now();
insert into public.inspection_checklist_items (id, template_key, sort_order, name, category, inspection_type, description, how_to, equipment_needed, severity, is_active) values ('society-pump-room-095', 'society-pump-room', 0, 'Verify pump operation — running smoothly, OHT filling within expected time', 'Plumbing & Water', 'Pump & Pressure Check', 'Pump & Pressure Check. Equipment needed: Manual check, water level indicator.', 'Source: Apartment Inspection — Common A Row 88', 'Manual check, water level indicator', 'critical', true) on conflict (id) do update set template_key = excluded.template_key, sort_order = excluded.sort_order, name = excluded.name, category = excluded.category, inspection_type = excluded.inspection_type, description = excluded.description, how_to = excluded.how_to, equipment_needed = excluded.equipment_needed, severity = excluded.severity, is_active = true, updated_at = now();
insert into public.inspection_checklist_items (id, template_key, sort_order, name, category, inspection_type, description, how_to, equipment_needed, severity, is_active) values ('society-pump-room-096', 'society-pump-room', 1, 'Check sump pump float switch — simulate low level, confirm pump starts', 'Plumbing & Water', 'Pump & Pressure Check', 'Pump & Pressure Check. Equipment needed: Manual check.', 'Source: Apartment Inspection — Common A Row 89', 'Manual check', 'critical', true) on conflict (id) do update set template_key = excluded.template_key, sort_order = excluded.sort_order, name = excluded.name, category = excluded.category, inspection_type = excluded.inspection_type, description = excluded.description, how_to = excluded.how_to, equipment_needed = excluded.equipment_needed, severity = excluded.severity, is_active = true, updated_at = now();
insert into public.inspection_checklist_items (id, template_key, sort_order, name, category, inspection_type, description, how_to, equipment_needed, severity, is_active) values ('society-pump-room-097', 'society-pump-room', 2, 'Inspect pump coupling and impeller — no unusual vibration or bearing noise', 'Plumbing & Water', 'Pump & Pressure Check', 'Pump & Pressure Check. Equipment needed: Manual check (listen).', 'Source: Apartment Inspection — Common A Row 90', 'Manual check (listen)', 'high', true) on conflict (id) do update set template_key = excluded.template_key, sort_order = excluded.sort_order, name = excluded.name, category = excluded.category, inspection_type = excluded.inspection_type, description = excluded.description, how_to = excluded.how_to, equipment_needed = excluded.equipment_needed, severity = excluded.severity, is_active = true, updated_at = now();
insert into public.inspection_checklist_items (id, template_key, sort_order, name, category, inspection_type, description, how_to, equipment_needed, severity, is_active) values ('society-pump-room-098', 'society-pump-room', 3, 'Verify duty/standby pump alternation is functioning (dual pump system)', 'Plumbing & Water', 'Pump & Pressure Check', 'Pump & Pressure Check. Equipment needed: Manual check (control panel).', 'Source: Apartment Inspection — Common A Row 91', 'Manual check (control panel)', 'high', true) on conflict (id) do update set template_key = excluded.template_key, sort_order = excluded.sort_order, name = excluded.name, category = excluded.category, inspection_type = excluded.inspection_type, description = excluded.description, how_to = excluded.how_to, equipment_needed = excluded.equipment_needed, severity = excluded.severity, is_active = true, updated_at = now();
insert into public.inspection_checklist_items (id, template_key, sort_order, name, category, inspection_type, description, how_to, equipment_needed, severity, is_active) values ('society-pump-room-099', 'society-pump-room', 4, 'Check pressurisation unit — set pressure within design range, no alarm active', 'Plumbing & Water', 'Pump & Pressure Check', 'Pump & Pressure Check. Equipment needed: Manual check (gauge on unit).', 'Source: Apartment Inspection — Common A Row 92', 'Manual check (gauge on unit)', 'critical', true) on conflict (id) do update set template_key = excluded.template_key, sort_order = excluded.sort_order, name = excluded.name, category = excluded.category, inspection_type = excluded.inspection_type, description = excluded.description, how_to = excluded.how_to, equipment_needed = excluded.equipment_needed, severity = excluded.severity, is_active = true, updated_at = now();
insert into public.inspection_checklist_items (id, template_key, sort_order, name, category, inspection_type, description, how_to, equipment_needed, severity, is_active) values ('society-pump-room-100', 'society-pump-room', 5, 'Inspect fire hydrant pump pressure — jockey pump maintains without main pump cycling', 'Fire Safety', 'Hose Reel & Hydrant Check', 'Hose Reel & Hydrant Check. Equipment needed: Manual check (pressure gauge).', 'Source: Apartment Inspection — Common A Row 141', 'Manual check (pressure gauge)', 'critical', true) on conflict (id) do update set template_key = excluded.template_key, sort_order = excluded.sort_order, name = excluded.name, category = excluded.category, inspection_type = excluded.inspection_type, description = excluded.description, how_to = excluded.how_to, equipment_needed = excluded.equipment_needed, severity = excluded.severity, is_active = true, updated_at = now();
insert into public.inspection_checklist_items (id, template_key, sort_order, name, category, inspection_type, description, how_to, equipment_needed, severity, is_active) values ('society-pump-room-101', 'society-pump-room', 6, 'Test automatic start of main fire pump on pressure drop — starts within 30 seconds', 'Fire Safety', 'Hose Reel & Hydrant Check', 'Hose Reel & Hydrant Check. Equipment needed: Manual check (coordinate with fire vendor).', 'Source: Apartment Inspection — Common A Row 142', 'Manual check (coordinate with fire vendor)', 'critical', true) on conflict (id) do update set template_key = excluded.template_key, sort_order = excluded.sort_order, name = excluded.name, category = excluded.category, inspection_type = excluded.inspection_type, description = excluded.description, how_to = excluded.how_to, equipment_needed = excluded.equipment_needed, severity = excluded.severity, is_active = true, updated_at = now();
insert into public.inspection_checklist_items (id, template_key, sort_order, name, category, inspection_type, description, how_to, equipment_needed, severity, is_active) values ('society-pump-room-102', 'society-pump-room', 7, 'Check sprinkler main valve — confirmed OPEN and padlocked open', 'Fire Safety', 'Sprinkler System Check', 'Sprinkler System Check. Equipment needed: Manual check.', 'Source: Apartment Inspection — Common A Row 148', 'Manual check', 'critical', true) on conflict (id) do update set template_key = excluded.template_key, sort_order = excluded.sort_order, name = excluded.name, category = excluded.category, inspection_type = excluded.inspection_type, description = excluded.description, how_to = excluded.how_to, equipment_needed = excluded.equipment_needed, severity = excluded.severity, is_active = true, updated_at = now();
insert into public.inspection_checklist_items (id, template_key, sort_order, name, category, inspection_type, description, how_to, equipment_needed, severity, is_active) values ('society-pump-room-103', 'society-pump-room', 8, 'Inspect flow switch and tamper switch on each zone valve — wired to alarm panel', 'Fire Safety', 'Sprinkler System Check', 'Sprinkler System Check. Equipment needed: Manual check, fire vendor.', 'Source: Apartment Inspection — Common A Row 149', 'Manual check, fire vendor', 'critical', true) on conflict (id) do update set template_key = excluded.template_key, sort_order = excluded.sort_order, name = excluded.name, category = excluded.category, inspection_type = excluded.inspection_type, description = excluded.description, how_to = excluded.how_to, equipment_needed = excluded.equipment_needed, severity = excluded.severity, is_active = true, updated_at = now();
insert into public.inspection_checklist_templates (template_key, inspection_kind, name, icon_name, sort_order, is_default, is_active) values ('society-generator-room', 'society', 'Generator Room', 'business', 10, true, true) on conflict (template_key) do update set inspection_kind = excluded.inspection_kind, name = excluded.name, icon_name = excluded.icon_name, sort_order = excluded.sort_order, is_default = excluded.is_default, is_active = true, updated_at = now();
insert into public.inspection_checklist_items (id, template_key, sort_order, name, category, inspection_type, description, how_to, equipment_needed, severity, is_active) values ('society-generator-room-104', 'society-generator-room', 0, 'Inspect DG set oil level, coolant level, and fuel tank reading', 'Electrical', 'Generator / DG Set Check', 'Generator / DG Set Check. Equipment needed: Manual check (dipstick, gauge).', 'Source: Apartment Inspection — Common A Row 83', 'Manual check (dipstick, gauge)', 'critical', true) on conflict (id) do update set template_key = excluded.template_key, sort_order = excluded.sort_order, name = excluded.name, category = excluded.category, inspection_type = excluded.inspection_type, description = excluded.description, how_to = excluded.how_to, equipment_needed = excluded.equipment_needed, severity = excluded.severity, is_active = true, updated_at = now();
insert into public.inspection_checklist_items (id, template_key, sort_order, name, category, inspection_type, description, how_to, equipment_needed, severity, is_active) values ('society-generator-room-105', 'society-generator-room', 1, 'Run DG set no-load for 10 minutes — check for abnormal smoke, vibration, leaks', 'Electrical', 'Generator / DG Set Check', 'Generator / DG Set Check. Equipment needed: Manual check (observe), log book.', 'Source: Apartment Inspection — Common A Row 84', 'Manual check (observe), log book', 'critical', true) on conflict (id) do update set template_key = excluded.template_key, sort_order = excluded.sort_order, name = excluded.name, category = excluded.category, inspection_type = excluded.inspection_type, description = excluded.description, how_to = excluded.how_to, equipment_needed = excluded.equipment_needed, severity = excluded.severity, is_active = true, updated_at = now();
insert into public.inspection_checklist_items (id, template_key, sort_order, name, category, inspection_type, description, how_to, equipment_needed, severity, is_active) values ('society-generator-room-106', 'society-generator-room', 2, 'Test ATS — simulate mains failure, DG must pick up within 10 seconds', 'Electrical', 'Generator / DG Set Check', 'Generator / DG Set Check. Equipment needed: Manual check (ATS panel).', 'Source: Apartment Inspection — Common A Row 85', 'Manual check (ATS panel)', 'critical', true) on conflict (id) do update set template_key = excluded.template_key, sort_order = excluded.sort_order, name = excluded.name, category = excluded.category, inspection_type = excluded.inspection_type, description = excluded.description, how_to = excluded.how_to, equipment_needed = excluded.equipment_needed, severity = excluded.severity, is_active = true, updated_at = now();
insert into public.inspection_checklist_items (id, template_key, sort_order, name, category, inspection_type, description, how_to, equipment_needed, severity, is_active) values ('society-generator-room-107', 'society-generator-room', 3, 'Check DG exhaust — no black smoke, exhaust pipe not blocked, silencer intact', 'Electrical', 'Generator / DG Set Check', 'Generator / DG Set Check. Equipment needed: Manual check.', 'Source: Apartment Inspection — Common A Row 86', 'Manual check', 'high', true) on conflict (id) do update set template_key = excluded.template_key, sort_order = excluded.sort_order, name = excluded.name, category = excluded.category, inspection_type = excluded.inspection_type, description = excluded.description, how_to = excluded.how_to, equipment_needed = excluded.equipment_needed, severity = excluded.severity, is_active = true, updated_at = now();
insert into public.inspection_checklist_items (id, template_key, sort_order, name, category, inspection_type, description, how_to, equipment_needed, severity, is_active) values ('society-generator-room-108', 'society-generator-room', 4, 'Record DG run hours — compare to last service interval (every 250 hrs)', 'Electrical', 'Generator / DG Set Check', 'Generator / DG Set Check. Equipment needed: Manual check (hour meter).', 'Source: Apartment Inspection — Common A Row 87', 'Manual check (hour meter)', 'high', true) on conflict (id) do update set template_key = excluded.template_key, sort_order = excluded.sort_order, name = excluded.name, category = excluded.category, inspection_type = excluded.inspection_type, description = excluded.description, how_to = excluded.how_to, equipment_needed = excluded.equipment_needed, severity = excluded.severity, is_active = true, updated_at = now();
insert into public.inspection_checklist_templates (template_key, inspection_kind, name, icon_name, sort_order, is_default, is_active) values ('society-electrical-db-room', 'society', 'Electrical / Db Room', 'business', 11, true, true) on conflict (template_key) do update set inspection_kind = excluded.inspection_kind, name = excluded.name, icon_name = excluded.icon_name, sort_order = excluded.sort_order, is_default = excluded.is_default, is_active = true, updated_at = now();
insert into public.inspection_checklist_items (id, template_key, sort_order, name, category, inspection_type, description, how_to, equipment_needed, severity, is_active) values ('society-electrical-db-room-109', 'society-electrical-db-room', 0, 'Open DB panel — all MCBs in ON position, no charring/burn smell, labels legible', 'Electrical', 'DB Board Check', 'DB Board Check. Equipment needed: Torch, IR thermometer.', 'Source: Apartment Inspection — Common A Row 76', 'Torch, IR thermometer', 'critical', true) on conflict (id) do update set template_key = excluded.template_key, sort_order = excluded.sort_order, name = excluded.name, category = excluded.category, inspection_type = excluded.inspection_type, description = excluded.description, how_to = excluded.how_to, equipment_needed = excluded.equipment_needed, severity = excluded.severity, is_active = true, updated_at = now();
insert into public.inspection_checklist_items (id, template_key, sort_order, name, category, inspection_type, description, how_to, equipment_needed, severity, is_active) values ('society-electrical-db-room-110', 'society-electrical-db-room', 1, 'Check cable terminations at main DB — no loose lugs, no discolouration', 'Electrical', 'DB Board Check', 'DB Board Check. Equipment needed: Torch, IR thermometer.', 'Source: Apartment Inspection — Common A Row 77', 'Torch, IR thermometer', 'critical', true) on conflict (id) do update set template_key = excluded.template_key, sort_order = excluded.sort_order, name = excluded.name, category = excluded.category, inspection_type = excluded.inspection_type, description = excluded.description, how_to = excluded.how_to, equipment_needed = excluded.equipment_needed, severity = excluded.severity, is_active = true, updated_at = now();
insert into public.inspection_checklist_items (id, template_key, sort_order, name, category, inspection_type, description, how_to, equipment_needed, severity, is_active) values ('society-electrical-db-room-111', 'society-electrical-db-room', 2, 'Inspect cable trunking — no rodent gnaw marks on insulation', 'Electrical', 'DB Board Check', 'DB Board Check. Equipment needed: Torch, gloves.', 'Source: Apartment Inspection — Common A Row 78', 'Torch, gloves', 'critical', true) on conflict (id) do update set template_key = excluded.template_key, sort_order = excluded.sort_order, name = excluded.name, category = excluded.category, inspection_type = excluded.inspection_type, description = excluded.description, how_to = excluded.how_to, equipment_needed = excluded.equipment_needed, severity = excluded.severity, is_active = true, updated_at = now();
insert into public.inspection_checklist_items (id, template_key, sort_order, name, category, inspection_type, description, how_to, equipment_needed, severity, is_active) values ('society-electrical-db-room-112', 'society-electrical-db-room', 3, 'Verify DB room door self-closes and locks — prevents unauthorised access', 'Electrical', 'DB Board Check', 'DB Board Check. Equipment needed: Manual check.', 'Source: Apartment Inspection — Common A Row 79', 'Manual check', 'high', true) on conflict (id) do update set template_key = excluded.template_key, sort_order = excluded.sort_order, name = excluded.name, category = excluded.category, inspection_type = excluded.inspection_type, description = excluded.description, how_to = excluded.how_to, equipment_needed = excluded.equipment_needed, severity = excluded.severity, is_active = true, updated_at = now();
insert into public.inspection_checklist_items (id, template_key, sort_order, name, category, inspection_type, description, how_to, equipment_needed, severity, is_active) values ('society-electrical-db-room-113', 'society-electrical-db-room', 4, 'Inspect earth electrode pit — remove cover, check for corrosion and moisture', 'Electrical', 'Earthing Check', 'Earthing Check. Equipment needed: Manual check, gloves, screwdriver.', 'Source: Apartment Inspection — Common A Row 81', 'Manual check, gloves, screwdriver', 'critical', true) on conflict (id) do update set template_key = excluded.template_key, sort_order = excluded.sort_order, name = excluded.name, category = excluded.category, inspection_type = excluded.inspection_type, description = excluded.description, how_to = excluded.how_to, equipment_needed = excluded.equipment_needed, severity = excluded.severity, is_active = true, updated_at = now();
insert into public.inspection_checklist_items (id, template_key, sort_order, name, category, inspection_type, description, how_to, equipment_needed, severity, is_active) values ('society-electrical-db-room-114', 'society-electrical-db-room', 5, 'Test RCD / ELCB at main DB — press test button, building circuit trips', 'Electrical', 'Earthing Check', 'Earthing Check. Equipment needed: Manual check (coordinate with residents first).', 'Source: Apartment Inspection — Common A Row 82', 'Manual check (coordinate with residents first)', 'critical', true) on conflict (id) do update set template_key = excluded.template_key, sort_order = excluded.sort_order, name = excluded.name, category = excluded.category, inspection_type = excluded.inspection_type, description = excluded.description, how_to = excluded.how_to, equipment_needed = excluded.equipment_needed, severity = excluded.severity, is_active = true, updated_at = now();
insert into public.inspection_checklist_items (id, template_key, sort_order, name, category, inspection_type, description, how_to, equipment_needed, severity, is_active) values ('society-electrical-db-room-115', 'society-electrical-db-room', 6, 'Inspect cockroach activity behind DB panels and cable trays', 'Pest Control', 'Pest Activity Check', 'Pest Activity Check. Equipment needed: Torch, gloves.', 'Source: Apartment Inspection — Common A Row 42', 'Torch, gloves', 'high', true) on conflict (id) do update set template_key = excluded.template_key, sort_order = excluded.sort_order, name = excluded.name, category = excluded.category, inspection_type = excluded.inspection_type, description = excluded.description, how_to = excluded.how_to, equipment_needed = excluded.equipment_needed, severity = excluded.severity, is_active = true, updated_at = now();
insert into public.inspection_checklist_templates (template_key, inspection_kind, name, icon_name, sort_order, is_default, is_active) values ('society-sump-underground-tank', 'society', 'Sump & Underground Tank', 'business', 12, true, true) on conflict (template_key) do update set inspection_kind = excluded.inspection_kind, name = excluded.name, icon_name = excluded.icon_name, sort_order = excluded.sort_order, is_default = excluded.is_default, is_active = true, updated_at = now();
insert into public.inspection_checklist_items (id, template_key, sort_order, name, category, inspection_type, description, how_to, equipment_needed, severity, is_active) values ('society-sump-underground-tank-116', 'society-sump-underground-tank', 0, 'Check sump level — not critically low, pump activates at correct level', 'Plumbing & Water', 'Pump & Pressure Check', 'Pump & Pressure Check. Equipment needed: Manual check, torch.', 'Source: Apartment Inspection — Common A Row 88', 'Manual check, torch', 'critical', true) on conflict (id) do update set template_key = excluded.template_key, sort_order = excluded.sort_order, name = excluded.name, category = excluded.category, inspection_type = excluded.inspection_type, description = excluded.description, how_to = excluded.how_to, equipment_needed = excluded.equipment_needed, severity = excluded.severity, is_active = true, updated_at = now();
insert into public.inspection_checklist_items (id, template_key, sort_order, name, category, inspection_type, description, how_to, equipment_needed, severity, is_active) values ('society-sump-underground-tank-117', 'society-sump-underground-tank', 1, 'Inspect sump interior annually — de-silt, clean walls, check for cracks', 'Plumbing & Water', 'Tank Cleanliness Check', 'Tank Cleanliness Check. Equipment needed: Torch, ladder, safety harness.', 'Source: Apartment Inspection — Common A Row 98', 'Torch, ladder, safety harness', 'critical', true) on conflict (id) do update set template_key = excluded.template_key, sort_order = excluded.sort_order, name = excluded.name, category = excluded.category, inspection_type = excluded.inspection_type, description = excluded.description, how_to = excluded.how_to, equipment_needed = excluded.equipment_needed, severity = excluded.severity, is_active = true, updated_at = now();
insert into public.inspection_checklist_items (id, template_key, sort_order, name, category, inspection_type, description, how_to, equipment_needed, severity, is_active) values ('society-sump-underground-tank-118', 'society-sump-underground-tank', 2, 'Inspect common riser shaft access doors — moisture on pipe brackets or walls', 'Plumbing & Water', 'Leakage Inspection', 'Leakage Inspection. Equipment needed: Torch, gloves.', 'Source: Apartment Inspection — Common A Row 95', 'Torch, gloves', 'high', true) on conflict (id) do update set template_key = excluded.template_key, sort_order = excluded.sort_order, name = excluded.name, category = excluded.category, inspection_type = excluded.inspection_type, description = excluded.description, how_to = excluded.how_to, equipment_needed = excluded.equipment_needed, severity = excluded.severity, is_active = true, updated_at = now();
insert into public.inspection_checklist_items (id, template_key, sort_order, name, category, inspection_type, description, how_to, equipment_needed, severity, is_active) values ('society-sump-underground-tank-119', 'society-sump-underground-tank', 3, 'Check sump and nearby pipes for seepage weeps or damp wall patches', 'Plumbing & Water', 'Leakage Inspection', 'Leakage Inspection. Equipment needed: Torch, paper towel.', 'Source: Apartment Inspection — Common A Row 93', 'Torch, paper towel', 'high', true) on conflict (id) do update set template_key = excluded.template_key, sort_order = excluded.sort_order, name = excluded.name, category = excluded.category, inspection_type = excluded.inspection_type, description = excluded.description, how_to = excluded.how_to, equipment_needed = excluded.equipment_needed, severity = excluded.severity, is_active = true, updated_at = now();
insert into public.inspection_checklist_templates (template_key, inspection_kind, name, icon_name, sort_order, is_default, is_active) values ('society-stp-drainage', 'society', 'Stp & Drainage', 'business', 13, true, true) on conflict (template_key) do update set inspection_kind = excluded.inspection_kind, name = excluded.name, icon_name = excluded.icon_name, sort_order = excluded.sort_order, is_default = excluded.is_default, is_active = true, updated_at = now();
insert into public.inspection_checklist_items (id, template_key, sort_order, name, category, inspection_type, description, how_to, equipment_needed, severity, is_active) values ('society-stp-drainage-120', 'society-stp-drainage', 0, 'Inspect STP inlet chamber — no solid blockage at screen, flow rate normal', 'Plumbing & Water', 'Drain & Sewage Check', 'Drain & Sewage Check. Equipment needed: Torch, gloves, PPE.', 'Source: Apartment Inspection — Common A Row 100', 'Torch, gloves, PPE', 'critical', true) on conflict (id) do update set template_key = excluded.template_key, sort_order = excluded.sort_order, name = excluded.name, category = excluded.category, inspection_type = excluded.inspection_type, description = excluded.description, how_to = excluded.how_to, equipment_needed = excluded.equipment_needed, severity = excluded.severity, is_active = true, updated_at = now();
insert into public.inspection_checklist_items (id, template_key, sort_order, name, category, inspection_type, description, how_to, equipment_needed, severity, is_active) values ('society-stp-drainage-121', 'society-stp-drainage', 1, 'Test treated water output — BOD and TSS within CPCB norms, log results', 'Plumbing & Water', 'Drain & Sewage Check', 'Drain & Sewage Check. Equipment needed: Water test strips or lab sample.', 'Source: Apartment Inspection — Common A Row 101', 'Water test strips or lab sample', 'critical', true) on conflict (id) do update set template_key = excluded.template_key, sort_order = excluded.sort_order, name = excluded.name, category = excluded.category, inspection_type = excluded.inspection_type, description = excluded.description, how_to = excluded.how_to, equipment_needed = excluded.equipment_needed, severity = excluded.severity, is_active = true, updated_at = now();
insert into public.inspection_checklist_items (id, template_key, sort_order, name, category, inspection_type, description, how_to, equipment_needed, severity, is_active) values ('society-stp-drainage-122', 'society-stp-drainage', 2, 'Verify STP blower/aerator running — dissolved oxygen in aeration tank >2 mg/L', 'Plumbing & Water', 'Drain & Sewage Check', 'Drain & Sewage Check. Equipment needed: Manual check + DO meter.', 'Source: Apartment Inspection — Common A Row 102', 'Manual check + DO meter', 'critical', true) on conflict (id) do update set template_key = excluded.template_key, sort_order = excluded.sort_order, name = excluded.name, category = excluded.category, inspection_type = excluded.inspection_type, description = excluded.description, how_to = excluded.how_to, equipment_needed = excluded.equipment_needed, severity = excluded.severity, is_active = true, updated_at = now();
insert into public.inspection_checklist_items (id, template_key, sort_order, name, category, inspection_type, description, how_to, equipment_needed, severity, is_active) values ('society-stp-drainage-123', 'society-stp-drainage', 3, 'Lift spot-check manholes quarterly — note sludge depth, no surcharge or overflow', 'Plumbing & Water', 'Drain & Sewage Check', 'Drain & Sewage Check. Equipment needed: Safety gloves, bar for manhole cover, torch.', 'Source: Apartment Inspection — Common A Row 103', 'Safety gloves, bar for manhole cover, torch', 'high', true) on conflict (id) do update set template_key = excluded.template_key, sort_order = excluded.sort_order, name = excluded.name, category = excluded.category, inspection_type = excluded.inspection_type, description = excluded.description, how_to = excluded.how_to, equipment_needed = excluded.equipment_needed, severity = excluded.severity, is_active = true, updated_at = now();
insert into public.inspection_checklist_items (id, template_key, sort_order, name, category, inspection_type, description, how_to, equipment_needed, severity, is_active) values ('society-stp-drainage-124', 'society-stp-drainage', 4, 'Inspect STP common area drain clearance — pour 1L water, observe drain speed', 'Plumbing & Water', 'Drain & Sewage Check', 'Drain & Sewage Check. Equipment needed: Torch, gloves.', 'Source: Apartment Inspection — Common A Row 99', 'Torch, gloves', 'high', true) on conflict (id) do update set template_key = excluded.template_key, sort_order = excluded.sort_order, name = excluded.name, category = excluded.category, inspection_type = excluded.inspection_type, description = excluded.description, how_to = excluded.how_to, equipment_needed = excluded.equipment_needed, severity = excluded.severity, is_active = true, updated_at = now();
insert into public.inspection_checklist_items (id, template_key, sort_order, name, category, inspection_type, description, how_to, equipment_needed, severity, is_active) values ('society-stp-drainage-125', 'society-stp-drainage', 5, 'Flush and treat all garden drain sumps with larvicide (Temephos) monthly', 'Pest Control', 'Mosquito Check', 'Mosquito Check. Equipment needed: Larvicide granules, measuring cup, gloves.', 'Source: Apartment Inspection — Common A Row 45', 'Larvicide granules, measuring cup, gloves', 'critical', true) on conflict (id) do update set template_key = excluded.template_key, sort_order = excluded.sort_order, name = excluded.name, category = excluded.category, inspection_type = excluded.inspection_type, description = excluded.description, how_to = excluded.how_to, equipment_needed = excluded.equipment_needed, severity = excluded.severity, is_active = true, updated_at = now();
insert into public.inspection_checklist_items (id, template_key, sort_order, name, category, inspection_type, description, how_to, equipment_needed, severity, is_active) values ('society-stp-drainage-126', 'society-stp-drainage', 6, 'Check for mosquito larvae in all open water collection points — drain covers, sump access', 'Pest Control', 'Mosquito Check', 'Mosquito Check. Equipment needed: Torch, white cup for larva sampling.', 'Source: Apartment Inspection — Common A Row 43', 'Torch, white cup for larva sampling', 'critical', true) on conflict (id) do update set template_key = excluded.template_key, sort_order = excluded.sort_order, name = excluded.name, category = excluded.category, inspection_type = excluded.inspection_type, description = excluded.description, how_to = excluded.how_to, equipment_needed = excluded.equipment_needed, severity = excluded.severity, is_active = true, updated_at = now();
insert into public.inspection_checklist_templates (template_key, inspection_kind, name, icon_name, sort_order, is_default, is_active) values ('society-garden-external-grounds', 'society', 'Garden & External Grounds', 'business', 14, true, true) on conflict (template_key) do update set inspection_kind = excluded.inspection_kind, name = excluded.name, icon_name = excluded.icon_name, sort_order = excluded.sort_order, is_default = excluded.is_default, is_active = true, updated_at = now();
insert into public.inspection_checklist_items (id, template_key, sort_order, name, category, inspection_type, description, how_to, equipment_needed, severity, is_active) values ('society-garden-external-grounds-127', 'society-garden-external-grounds', 0, 'Inspect plant health — wilting, yellowing leaves, dry soil, pest-eaten leaves', 'Garden & Landscaping', 'Plant Health Check', 'Plant Health Check. Equipment needed: Manual check, soil moisture meter.', 'Source: Apartment Inspection — Common A Row 24', 'Manual check, soil moisture meter', 'medium', true) on conflict (id) do update set template_key = excluded.template_key, sort_order = excluded.sort_order, name = excluded.name, category = excluded.category, inspection_type = excluded.inspection_type, description = excluded.description, how_to = excluded.how_to, equipment_needed = excluded.equipment_needed, severity = excluded.severity, is_active = true, updated_at = now();
insert into public.inspection_checklist_items (id, template_key, sort_order, name, category, inspection_type, description, how_to, equipment_needed, severity, is_active) values ('society-garden-external-grounds-128', 'society-garden-external-grounds', 1, 'Check lawn for bare patches, weed overgrowth, or mower scalping', 'Garden & Landscaping', 'Plant Health Check', 'Plant Health Check. Equipment needed: Manual check.', 'Source: Apartment Inspection — Common A Row 25', 'Manual check', 'low', true) on conflict (id) do update set template_key = excluded.template_key, sort_order = excluded.sort_order, name = excluded.name, category = excluded.category, inspection_type = excluded.inspection_type, description = excluded.description, how_to = excluded.how_to, equipment_needed = excluded.equipment_needed, severity = excluded.severity, is_active = true, updated_at = now();
insert into public.inspection_checklist_items (id, template_key, sort_order, name, category, inspection_type, description, how_to, equipment_needed, severity, is_active) values ('society-garden-external-grounds-129', 'society-garden-external-grounds', 2, 'Inspect garden beds for weed penetration and mulch level (minimum 50mm)', 'Garden & Landscaping', 'Plant Health Check', 'Plant Health Check. Equipment needed: Manual check, measuring stick.', 'Source: Apartment Inspection — Common A Row 26', 'Manual check, measuring stick', 'low', true) on conflict (id) do update set template_key = excluded.template_key, sort_order = excluded.sort_order, name = excluded.name, category = excluded.category, inspection_type = excluded.inspection_type, description = excluded.description, how_to = excluded.how_to, equipment_needed = excluded.equipment_needed, severity = excluded.severity, is_active = true, updated_at = now();
insert into public.inspection_checklist_items (id, template_key, sort_order, name, category, inspection_type, description, how_to, equipment_needed, severity, is_active) values ('society-garden-external-grounds-130', 'society-garden-external-grounds', 3, 'Look for fungal disease on leaves — powdery white coating or rust spots', 'Garden & Landscaping', 'Plant Health Check', 'Plant Health Check. Equipment needed: Manual check, torch (close inspection).', 'Source: Apartment Inspection — Common A Row 27', 'Manual check, torch (close inspection)', 'medium', true) on conflict (id) do update set template_key = excluded.template_key, sort_order = excluded.sort_order, name = excluded.name, category = excluded.category, inspection_type = excluded.inspection_type, description = excluded.description, how_to = excluded.how_to, equipment_needed = excluded.equipment_needed, severity = excluded.severity, is_active = true, updated_at = now();
insert into public.inspection_checklist_items (id, template_key, sort_order, name, category, inspection_type, description, how_to, equipment_needed, severity, is_active) values ('society-garden-external-grounds-131', 'society-garden-external-grounds', 4, 'Inspect hedge trimming uniformity and dead branches', 'Garden & Landscaping', 'Plant Health Check', 'Plant Health Check. Equipment needed: Manual check.', 'Source: Apartment Inspection — Common A Row 28', 'Manual check', 'low', true) on conflict (id) do update set template_key = excluded.template_key, sort_order = excluded.sort_order, name = excluded.name, category = excluded.category, inspection_type = excluded.inspection_type, description = excluded.description, how_to = excluded.how_to, equipment_needed = excluded.equipment_needed, severity = excluded.severity, is_active = true, updated_at = now();
insert into public.inspection_checklist_items (id, template_key, sort_order, name, category, inspection_type, description, how_to, equipment_needed, severity, is_active) values ('society-garden-external-grounds-132', 'society-garden-external-grounds', 5, 'Check hedges near pathways — no overhanging branches obstructing pedestrians', 'Garden & Landscaping', 'Plant Health Check', 'Plant Health Check. Equipment needed: Manual check, measuring tape.', 'Source: Apartment Inspection — Common A Row 29', 'Manual check, measuring tape', 'medium', true) on conflict (id) do update set template_key = excluded.template_key, sort_order = excluded.sort_order, name = excluded.name, category = excluded.category, inspection_type = excluded.inspection_type, description = excluded.description, how_to = excluded.how_to, equipment_needed = excluded.equipment_needed, severity = excluded.severity, is_active = true, updated_at = now();
insert into public.inspection_checklist_items (id, template_key, sort_order, name, category, inspection_type, description, how_to, equipment_needed, severity, is_active) values ('society-garden-external-grounds-133', 'society-garden-external-grounds', 6, 'Turn on irrigation — observe each head for blocked nozzles and misaligned spray', 'Garden & Landscaping', 'Irrigation Check', 'Irrigation Check. Equipment needed: Manual check during watering cycle.', 'Source: Apartment Inspection — Common A Row 30', 'Manual check during watering cycle', 'medium', true) on conflict (id) do update set template_key = excluded.template_key, sort_order = excluded.sort_order, name = excluded.name, category = excluded.category, inspection_type = excluded.inspection_type, description = excluded.description, how_to = excluded.how_to, equipment_needed = excluded.equipment_needed, severity = excluded.severity, is_active = true, updated_at = now();
insert into public.inspection_checklist_items (id, template_key, sort_order, name, category, inspection_type, description, how_to, equipment_needed, severity, is_active) values ('society-garden-external-grounds-134', 'society-garden-external-grounds', 7, 'Verify irrigation timer/controller set to correct seasonal schedule', 'Garden & Landscaping', 'Irrigation Check', 'Irrigation Check. Equipment needed: Manual check (controller display).', 'Source: Apartment Inspection — Common A Row 31', 'Manual check (controller display)', 'medium', true) on conflict (id) do update set template_key = excluded.template_key, sort_order = excluded.sort_order, name = excluded.name, category = excluded.category, inspection_type = excluded.inspection_type, description = excluded.description, how_to = excluded.how_to, equipment_needed = excluded.equipment_needed, severity = excluded.severity, is_active = true, updated_at = now();
insert into public.inspection_checklist_items (id, template_key, sort_order, name, category, inspection_type, description, how_to, equipment_needed, severity, is_active) values ('society-garden-external-grounds-135', 'society-garden-external-grounds', 8, 'Actuate each irrigation zone manually — correct zone activates', 'Garden & Landscaping', 'Irrigation Check', 'Irrigation Check. Equipment needed: Manual check, irrigation controller.', 'Source: Apartment Inspection — Common A Row 32', 'Manual check, irrigation controller', 'medium', true) on conflict (id) do update set template_key = excluded.template_key, sort_order = excluded.sort_order, name = excluded.name, category = excluded.category, inspection_type = excluded.inspection_type, description = excluded.description, how_to = excluded.how_to, equipment_needed = excluded.equipment_needed, severity = excluded.severity, is_active = true, updated_at = now();
insert into public.inspection_checklist_items (id, template_key, sort_order, name, category, inspection_type, description, how_to, equipment_needed, severity, is_active) values ('society-garden-external-grounds-136', 'society-garden-external-grounds', 9, 'Check water pressure at irrigation inlet — too high causes misting instead of drip', 'Garden & Landscaping', 'Irrigation Check', 'Irrigation Check. Equipment needed: Pressure gauge at inlet.', 'Source: Apartment Inspection — Common A Row 33', 'Pressure gauge at inlet', 'medium', true) on conflict (id) do update set template_key = excluded.template_key, sort_order = excluded.sort_order, name = excluded.name, category = excluded.category, inspection_type = excluded.inspection_type, description = excluded.description, how_to = excluded.how_to, equipment_needed = excluded.equipment_needed, severity = excluded.severity, is_active = true, updated_at = now();
insert into public.inspection_checklist_items (id, template_key, sort_order, name, category, inspection_type, description, how_to, equipment_needed, severity, is_active) values ('society-garden-external-grounds-137', 'society-garden-external-grounds', 10, 'Verify fertiliser application log entry and inspect soil for granules', 'Garden & Landscaping', 'Fertiliser Log', 'Fertiliser Log. Equipment needed: Manual check, fertiliser application log.', 'Source: Apartment Inspection — Common A Row 34', 'Manual check, fertiliser application log', 'low', true) on conflict (id) do update set template_key = excluded.template_key, sort_order = excluded.sort_order, name = excluded.name, category = excluded.category, inspection_type = excluded.inspection_type, description = excluded.description, how_to = excluded.how_to, equipment_needed = excluded.equipment_needed, severity = excluded.severity, is_active = true, updated_at = now();
insert into public.inspection_checklist_items (id, template_key, sort_order, name, category, inspection_type, description, how_to, equipment_needed, severity, is_active) values ('society-garden-external-grounds-138', 'society-garden-external-grounds', 11, 'Check fertiliser storage — products sealed, labelled, away from water', 'Garden & Landscaping', 'Fertiliser Log', 'Fertiliser Log. Equipment needed: Manual check.', 'Source: Apartment Inspection — Common A Row 35', 'Manual check', 'medium', true) on conflict (id) do update set template_key = excluded.template_key, sort_order = excluded.sort_order, name = excluded.name, category = excluded.category, inspection_type = excluded.inspection_type, description = excluded.description, how_to = excluded.how_to, equipment_needed = excluded.equipment_needed, severity = excluded.severity, is_active = true, updated_at = now();
insert into public.inspection_checklist_items (id, template_key, sort_order, name, category, inspection_type, description, how_to, equipment_needed, severity, is_active) values ('society-garden-external-grounds-139', 'society-garden-external-grounds', 12, 'Inspect mature trees for dead branches, leaning, or root heave lifting paving', 'Garden & Landscaping', 'Tree Safety Check', 'Tree Safety Check. Equipment needed: Manual check, binoculars for high crown.', 'Source: Apartment Inspection — Common A Row 36', 'Manual check, binoculars for high crown', 'critical', true) on conflict (id) do update set template_key = excluded.template_key, sort_order = excluded.sort_order, name = excluded.name, category = excluded.category, inspection_type = excluded.inspection_type, description = excluded.description, how_to = excluded.how_to, equipment_needed = excluded.equipment_needed, severity = excluded.severity, is_active = true, updated_at = now();
insert into public.inspection_checklist_items (id, template_key, sort_order, name, category, inspection_type, description, how_to, equipment_needed, severity, is_active) values ('society-garden-external-grounds-140', 'society-garden-external-grounds', 13, 'Check tree proximity to building walls and underground drains — root intrusion risk', 'Garden & Landscaping', 'Tree Safety Check', 'Tree Safety Check. Equipment needed: Manual check, horticulture professional (annual).', 'Source: Apartment Inspection — Common A Row 37', 'Manual check, horticulture professional (annual)', 'high', true) on conflict (id) do update set template_key = excluded.template_key, sort_order = excluded.sort_order, name = excluded.name, category = excluded.category, inspection_type = excluded.inspection_type, description = excluded.description, how_to = excluded.how_to, equipment_needed = excluded.equipment_needed, severity = excluded.severity, is_active = true, updated_at = now();
insert into public.inspection_checklist_items (id, template_key, sort_order, name, category, inspection_type, description, how_to, equipment_needed, severity, is_active) values ('society-garden-external-grounds-141', 'society-garden-external-grounds', 14, 'Inspect tree stakes and ties — not cutting into bark as tree has grown', 'Garden & Landscaping', 'Tree Safety Check', 'Tree Safety Check. Equipment needed: Manual check.', 'Source: Apartment Inspection — Common A Row 38', 'Manual check', 'medium', true) on conflict (id) do update set template_key = excluded.template_key, sort_order = excluded.sort_order, name = excluded.name, category = excluded.category, inspection_type = excluded.inspection_type, description = excluded.description, how_to = excluded.how_to, equipment_needed = excluded.equipment_needed, severity = excluded.severity, is_active = true, updated_at = now();
insert into public.inspection_checklist_items (id, template_key, sort_order, name, category, inspection_type, description, how_to, equipment_needed, severity, is_active) values ('society-garden-external-grounds-142', 'society-garden-external-grounds', 15, 'Inspect pest activity in garden — cockroach/ant after spray treatment', 'Pest Control', 'Pest Activity Check', 'Pest Activity Check. Equipment needed: Torch, glue trap (sticky pad).', 'Source: Apartment Inspection — Common A Row 39', 'Torch, glue trap (sticky pad)', 'high', true) on conflict (id) do update set template_key = excluded.template_key, sort_order = excluded.sort_order, name = excluded.name, category = excluded.category, inspection_type = excluded.inspection_type, description = excluded.description, how_to = excluded.how_to, equipment_needed = excluded.equipment_needed, severity = excluded.severity, is_active = true, updated_at = now();
insert into public.inspection_checklist_items (id, template_key, sort_order, name, category, inspection_type, description, how_to, equipment_needed, severity, is_active) values ('society-garden-external-grounds-143', 'society-garden-external-grounds', 16, 'Confirm pest control treatment log — last spray date and chemical recorded', 'Pest Control', 'Pest Activity Check', 'Pest Activity Check. Equipment needed: Pest log register.', 'Source: Apartment Inspection — Common A Row 40', 'Pest log register', 'high', true) on conflict (id) do update set template_key = excluded.template_key, sort_order = excluded.sort_order, name = excluded.name, category = excluded.category, inspection_type = excluded.inspection_type, description = excluded.description, how_to = excluded.how_to, equipment_needed = excluded.equipment_needed, severity = excluded.severity, is_active = true, updated_at = now();
insert into public.inspection_checklist_items (id, template_key, sort_order, name, category, inspection_type, description, how_to, equipment_needed, severity, is_active) values ('society-garden-external-grounds-144', 'society-garden-external-grounds', 17, 'Inspect garden timber edging and wooden planters for termite mud tunnels', 'Pest Control', 'Termite Check', 'Termite Check. Equipment needed: Torch, screwdriver.', 'Source: Apartment Inspection — Common A Row 51', 'Torch, screwdriver', 'medium', true) on conflict (id) do update set template_key = excluded.template_key, sort_order = excluded.sort_order, name = excluded.name, category = excluded.category, inspection_type = excluded.inspection_type, description = excluded.description, how_to = excluded.how_to, equipment_needed = excluded.equipment_needed, severity = excluded.severity, is_active = true, updated_at = now();
insert into public.inspection_checklist_items (id, template_key, sort_order, name, category, inspection_type, description, how_to, equipment_needed, severity, is_active) values ('society-garden-external-grounds-145', 'society-garden-external-grounds', 18, 'Check rodent bait station consumption and droppings near garden bins', 'Pest Control', 'Rodent Activity Check', 'Rodent Activity Check. Equipment needed: Torch, gloves.', 'Source: Apartment Inspection — Common A Row 46', 'Torch, gloves', 'high', true) on conflict (id) do update set template_key = excluded.template_key, sort_order = excluded.sort_order, name = excluded.name, category = excluded.category, inspection_type = excluded.inspection_type, description = excluded.description, how_to = excluded.how_to, equipment_needed = excluded.equipment_needed, severity = excluded.severity, is_active = true, updated_at = now();
insert into public.inspection_checklist_items (id, template_key, sort_order, name, category, inspection_type, description, how_to, equipment_needed, severity, is_active) values ('society-garden-external-grounds-146', 'society-garden-external-grounds', 19, 'Inspect external façade — binoculars survey for cracks, cladding looseness', 'Civil & Structural', 'Crack & Seepage Inspection', 'Crack & Seepage Inspection. Equipment needed: Binoculars (routine).', 'Source: Apartment Inspection — Common A Row 105', 'Binoculars (routine)', 'critical', true) on conflict (id) do update set template_key = excluded.template_key, sort_order = excluded.sort_order, name = excluded.name, category = excluded.category, inspection_type = excluded.inspection_type, description = excluded.description, how_to = excluded.how_to, equipment_needed = excluded.equipment_needed, severity = excluded.severity, is_active = true, updated_at = now();
insert into public.inspection_checklist_items (id, template_key, sort_order, name, category, inspection_type, description, how_to, equipment_needed, severity, is_active) values ('society-garden-external-grounds-147', 'society-garden-external-grounds', 20, 'Check external lighting and garden lights — lenses clean, no water ingress', 'Electrical', 'Lighting Check', 'Lighting Check. Equipment needed: Torch, manual check.', 'Source: Apartment Inspection — Common A Row 74', 'Torch, manual check', 'medium', true) on conflict (id) do update set template_key = excluded.template_key, sort_order = excluded.sort_order, name = excluded.name, category = excluded.category, inspection_type = excluded.inspection_type, description = excluded.description, how_to = excluded.how_to, equipment_needed = excluded.equipment_needed, severity = excluded.severity, is_active = true, updated_at = now();
insert into public.inspection_checklist_templates (template_key, inspection_kind, name, icon_name, sort_order, is_default, is_active) values ('society-garbage-room', 'society', 'Garbage Room', 'business', 15, true, true) on conflict (template_key) do update set inspection_kind = excluded.inspection_kind, name = excluded.name, icon_name = excluded.icon_name, sort_order = excluded.sort_order, is_default = excluded.is_default, is_active = true, updated_at = now();
insert into public.inspection_checklist_items (id, template_key, sort_order, name, category, inspection_type, description, how_to, equipment_needed, severity, is_active) values ('society-garbage-room-148', 'society-garbage-room', 0, 'Check dry/wet waste segregation — green bin (wet) and blue bin (dry) not cross-contaminated', 'Waste Management', 'Segregation Check', 'Segregation Check. Equipment needed: Manual check, gloves.', 'Source: Apartment Inspection — Common A Row 128', 'Manual check, gloves', 'high', true) on conflict (id) do update set template_key = excluded.template_key, sort_order = excluded.sort_order, name = excluded.name, category = excluded.category, inspection_type = excluded.inspection_type, description = excluded.description, how_to = excluded.how_to, equipment_needed = excluded.equipment_needed, severity = excluded.severity, is_active = true, updated_at = now();
insert into public.inspection_checklist_items (id, template_key, sort_order, name, category, inspection_type, description, how_to, equipment_needed, severity, is_active) values ('society-garbage-room-149', 'society-garbage-room', 1, 'Verify e-waste and hazardous waste have separate collection point', 'Waste Management', 'Segregation Check', 'Segregation Check. Equipment needed: Manual check, gloves.', 'Source: Apartment Inspection — Common A Row 129', 'Manual check, gloves', 'high', true) on conflict (id) do update set template_key = excluded.template_key, sort_order = excluded.sort_order, name = excluded.name, category = excluded.category, inspection_type = excluded.inspection_type, description = excluded.description, how_to = excluded.how_to, equipment_needed = excluded.equipment_needed, severity = excluded.severity, is_active = true, updated_at = now();
insert into public.inspection_checklist_items (id, template_key, sort_order, name, category, inspection_type, description, how_to, equipment_needed, severity, is_active) values ('society-garbage-room-150', 'society-garbage-room', 2, 'Record daily waste generation weight — cross-check against SWM norms', 'Waste Management', 'Segregation Check', 'Segregation Check. Equipment needed: Manual check, weighing scale.', 'Source: Apartment Inspection — Common A Row 130', 'Manual check, weighing scale', 'medium', true) on conflict (id) do update set template_key = excluded.template_key, sort_order = excluded.sort_order, name = excluded.name, category = excluded.category, inspection_type = excluded.inspection_type, description = excluded.description, how_to = excluded.how_to, equipment_needed = excluded.equipment_needed, severity = excluded.severity, is_active = true, updated_at = now();
insert into public.inspection_checklist_items (id, template_key, sort_order, name, category, inspection_type, description, how_to, equipment_needed, severity, is_active) values ('society-garbage-room-151', 'society-garbage-room', 3, 'Inspect garbage room — odour level, liquid spillage on floor, fly/roach activity', 'Waste Management', 'Room Cleanliness Check', 'Room Cleanliness Check. Equipment needed: Torch, deodorant spray.', 'Source: Apartment Inspection — Common A Row 131', 'Torch, deodorant spray', 'high', true) on conflict (id) do update set template_key = excluded.template_key, sort_order = excluded.sort_order, name = excluded.name, category = excluded.category, inspection_type = excluded.inspection_type, description = excluded.description, how_to = excluded.how_to, equipment_needed = excluded.equipment_needed, severity = excluded.severity, is_active = true, updated_at = now();
insert into public.inspection_checklist_items (id, template_key, sort_order, name, category, inspection_type, description, how_to, equipment_needed, severity, is_active) values ('society-garbage-room-152', 'society-garbage-room', 4, 'Verify weekly floor wash-down with disinfectant was done (check log)', 'Waste Management', 'Room Cleanliness Check', 'Room Cleanliness Check. Equipment needed: Manual check (log, smell test).', 'Source: Apartment Inspection — Common A Row 132', 'Manual check (log, smell test)', 'high', true) on conflict (id) do update set template_key = excluded.template_key, sort_order = excluded.sort_order, name = excluded.name, category = excluded.category, inspection_type = excluded.inspection_type, description = excluded.description, how_to = excluded.how_to, equipment_needed = excluded.equipment_needed, severity = excluded.severity, is_active = true, updated_at = now();
insert into public.inspection_checklist_items (id, template_key, sort_order, name, category, inspection_type, description, how_to, equipment_needed, severity, is_active) values ('society-garbage-room-153', 'society-garbage-room', 5, 'Check bin lids and wheels — lids close fully, wheels roll freely', 'Waste Management', 'Room Cleanliness Check', 'Room Cleanliness Check. Equipment needed: Manual check.', 'Source: Apartment Inspection — Common A Row 133', 'Manual check', 'low', true) on conflict (id) do update set template_key = excluded.template_key, sort_order = excluded.sort_order, name = excluded.name, category = excluded.category, inspection_type = excluded.inspection_type, description = excluded.description, how_to = excluded.how_to, equipment_needed = excluded.equipment_needed, severity = excluded.severity, is_active = true, updated_at = now();
insert into public.inspection_checklist_items (id, template_key, sort_order, name, category, inspection_type, description, how_to, equipment_needed, severity, is_active) values ('society-garbage-room-154', 'society-garbage-room', 6, 'Inspect waste compactor unit (if installed) — no jam, no liquid overflow', 'Waste Management', 'Room Cleanliness Check', 'Room Cleanliness Check. Equipment needed: Manual check.', 'Source: Apartment Inspection — Common A Row 134', 'Manual check', 'high', true) on conflict (id) do update set template_key = excluded.template_key, sort_order = excluded.sort_order, name = excluded.name, category = excluded.category, inspection_type = excluded.inspection_type, description = excluded.description, how_to = excluded.how_to, equipment_needed = excluded.equipment_needed, severity = excluded.severity, is_active = true, updated_at = now();
insert into public.inspection_checklist_items (id, template_key, sort_order, name, category, inspection_type, description, how_to, equipment_needed, severity, is_active) values ('society-garbage-room-155', 'society-garbage-room', 7, 'Inspect inside corners and under bins for cockroach / fly pupae activity', 'Pest Control', 'Pest Activity Check', 'Pest Activity Check. Equipment needed: Torch, gloves, glue traps.', 'Source: Apartment Inspection — Common A Row 41', 'Torch, gloves, glue traps', 'high', true) on conflict (id) do update set template_key = excluded.template_key, sort_order = excluded.sort_order, name = excluded.name, category = excluded.category, inspection_type = excluded.inspection_type, description = excluded.description, how_to = excluded.how_to, equipment_needed = excluded.equipment_needed, severity = excluded.severity, is_active = true, updated_at = now();
insert into public.inspection_checklist_items (id, template_key, sort_order, name, category, inspection_type, description, how_to, equipment_needed, severity, is_active) values ('society-garbage-room-156', 'society-garbage-room', 8, 'Check rodent droppings and gnaw marks near garbage bins', 'Pest Control', 'Rodent Activity Check', 'Rodent Activity Check. Equipment needed: Torch, gloves.', 'Source: Apartment Inspection — Common A Row 46', 'Torch, gloves', 'high', true) on conflict (id) do update set template_key = excluded.template_key, sort_order = excluded.sort_order, name = excluded.name, category = excluded.category, inspection_type = excluded.inspection_type, description = excluded.description, how_to = excluded.how_to, equipment_needed = excluded.equipment_needed, severity = excluded.severity, is_active = true, updated_at = now();
insert into public.inspection_checklist_templates (template_key, inspection_kind, name, icon_name, sort_order, is_default, is_active) values ('society-swimming-pool', 'society', 'Swimming Pool', 'business', 16, true, true) on conflict (template_key) do update set inspection_kind = excluded.inspection_kind, name = excluded.name, icon_name = excluded.icon_name, sort_order = excluded.sort_order, is_default = excluded.is_default, is_active = true, updated_at = now();
insert into public.inspection_checklist_items (id, template_key, sort_order, name, category, inspection_type, description, how_to, equipment_needed, severity, is_active) values ('society-swimming-pool-157', 'society-swimming-pool', 0, 'Test pH (7.2–7.6), free chlorine (1–3 ppm), and TDS (<1500 ppm)', 'Pool Maintenance', 'Water Quality Check', 'Water Quality Check. Equipment needed: Pool water test kit / digital pH meter, TDS meter.', 'Source: Apartment Inspection — Common A Row 53', 'Pool water test kit / digital pH meter, TDS meter', 'critical', true) on conflict (id) do update set template_key = excluded.template_key, sort_order = excluded.sort_order, name = excluded.name, category = excluded.category, inspection_type = excluded.inspection_type, description = excluded.description, how_to = excluded.how_to, equipment_needed = excluded.equipment_needed, severity = excluded.severity, is_active = true, updated_at = now();
insert into public.inspection_checklist_items (id, template_key, sort_order, name, category, inspection_type, description, how_to, equipment_needed, severity, is_active) values ('society-swimming-pool-158', 'society-swimming-pool', 1, 'Test alkalinity (80–120 ppm) and calcium hardness (200–400 ppm)', 'Pool Maintenance', 'Water Quality Check', 'Water Quality Check. Equipment needed: 5-in-1 pool test kit.', 'Source: Apartment Inspection — Common A Row 54', '5-in-1 pool test kit', 'high', true) on conflict (id) do update set template_key = excluded.template_key, sort_order = excluded.sort_order, name = excluded.name, category = excluded.category, inspection_type = excluded.inspection_type, description = excluded.description, how_to = excluded.how_to, equipment_needed = excluded.equipment_needed, severity = excluded.severity, is_active = true, updated_at = now();
insert into public.inspection_checklist_items (id, template_key, sort_order, name, category, inspection_type, description, how_to, equipment_needed, severity, is_active) values ('society-swimming-pool-159', 'society-swimming-pool', 2, 'Check cyanuric acid (stabiliser) level — ideal 30–50 ppm', 'Pool Maintenance', 'Water Quality Check', 'Water Quality Check. Equipment needed: Cyanuric acid test kit.', 'Source: Apartment Inspection — Common A Row 56', 'Cyanuric acid test kit', 'high', true) on conflict (id) do update set template_key = excluded.template_key, sort_order = excluded.sort_order, name = excluded.name, category = excluded.category, inspection_type = excluded.inspection_type, description = excluded.description, how_to = excluded.how_to, equipment_needed = excluded.equipment_needed, severity = excluded.severity, is_active = true, updated_at = now();
insert into public.inspection_checklist_items (id, template_key, sort_order, name, category, inspection_type, description, how_to, equipment_needed, severity, is_active) values ('society-swimming-pool-160', 'society-swimming-pool', 3, 'Record all water chemistry readings in the daily pool log — sign and date', 'Pool Maintenance', 'Water Quality Check', 'Water Quality Check. Equipment needed: Pool log register, pen.', 'Source: Apartment Inspection — Common A Row 55', 'Pool log register, pen', 'critical', true) on conflict (id) do update set template_key = excluded.template_key, sort_order = excluded.sort_order, name = excluded.name, category = excluded.category, inspection_type = excluded.inspection_type, description = excluded.description, how_to = excluded.how_to, equipment_needed = excluded.equipment_needed, severity = excluded.severity, is_active = true, updated_at = now();
insert into public.inspection_checklist_items (id, template_key, sort_order, name, category, inspection_type, description, how_to, equipment_needed, severity, is_active) values ('society-swimming-pool-161', 'society-swimming-pool', 4, 'Inspect pool tiles for algae, cracks, and grout condition at waterline', 'Pool Maintenance', 'Surface & Tile Check', 'Surface & Tile Check. Equipment needed: Visual + underwater torch.', 'Source: Apartment Inspection — Common A Row 57', 'Visual + underwater torch', 'high', true) on conflict (id) do update set template_key = excluded.template_key, sort_order = excluded.sort_order, name = excluded.name, category = excluded.category, inspection_type = excluded.inspection_type, description = excluded.description, how_to = excluded.how_to, equipment_needed = excluded.equipment_needed, severity = excluded.severity, is_active = true, updated_at = now();
insert into public.inspection_checklist_items (id, template_key, sort_order, name, category, inspection_type, description, how_to, equipment_needed, severity, is_active) values ('society-swimming-pool-162', 'society-swimming-pool', 5, 'Brush pool walls and floor with pool brush to prevent algae biofilm', 'Pool Maintenance', 'Surface & Tile Check', 'Surface & Tile Check. Equipment needed: Pool wall brush, telescopic pole.', 'Source: Apartment Inspection — Common A Row 58', 'Pool wall brush, telescopic pole', 'high', true) on conflict (id) do update set template_key = excluded.template_key, sort_order = excluded.sort_order, name = excluded.name, category = excluded.category, inspection_type = excluded.inspection_type, description = excluded.description, how_to = excluded.how_to, equipment_needed = excluded.equipment_needed, severity = excluded.severity, is_active = true, updated_at = now();
insert into public.inspection_checklist_items (id, template_key, sort_order, name, category, inspection_type, description, how_to, equipment_needed, severity, is_active) values ('society-swimming-pool-163', 'society-swimming-pool', 6, 'Scrub waterline tile with tile cleaner — remove body oil and sunscreen scum', 'Pool Maintenance', 'Surface & Tile Check', 'Surface & Tile Check. Equipment needed: Pool tile cleaner, sponge, gloves.', 'Source: Apartment Inspection — Common A Row 59', 'Pool tile cleaner, sponge, gloves', 'medium', true) on conflict (id) do update set template_key = excluded.template_key, sort_order = excluded.sort_order, name = excluded.name, category = excluded.category, inspection_type = excluded.inspection_type, description = excluded.description, how_to = excluded.how_to, equipment_needed = excluded.equipment_needed, severity = excluded.severity, is_active = true, updated_at = now();
insert into public.inspection_checklist_items (id, template_key, sort_order, name, category, inspection_type, description, how_to, equipment_needed, severity, is_active) values ('society-swimming-pool-164', 'society-swimming-pool', 7, 'Check pump — running without unusual noise, filter pressure 8–15 psi', 'Pool Maintenance', 'Equipment Check', 'Equipment Check. Equipment needed: Manual check, pressure gauge.', 'Source: Apartment Inspection — Common A Row 60', 'Manual check, pressure gauge', 'critical', true) on conflict (id) do update set template_key = excluded.template_key, sort_order = excluded.sort_order, name = excluded.name, category = excluded.category, inspection_type = excluded.inspection_type, description = excluded.description, how_to = excluded.how_to, equipment_needed = excluded.equipment_needed, severity = excluded.severity, is_active = true, updated_at = now();
insert into public.inspection_checklist_items (id, template_key, sort_order, name, category, inspection_type, description, how_to, equipment_needed, severity, is_active) values ('society-swimming-pool-165', 'society-swimming-pool', 8, 'Backwash sand/DE filter when pressure rises 8–10 psi above clean start pressure', 'Pool Maintenance', 'Equipment Check', 'Equipment Check. Equipment needed: Manual check (backwash valve).', 'Source: Apartment Inspection — Common A Row 61', 'Manual check (backwash valve)', 'critical', true) on conflict (id) do update set template_key = excluded.template_key, sort_order = excluded.sort_order, name = excluded.name, category = excluded.category, inspection_type = excluded.inspection_type, description = excluded.description, how_to = excluded.how_to, equipment_needed = excluded.equipment_needed, severity = excluded.severity, is_active = true, updated_at = now();
insert into public.inspection_checklist_items (id, template_key, sort_order, name, category, inspection_type, description, how_to, equipment_needed, severity, is_active) values ('society-swimming-pool-166', 'society-swimming-pool', 9, 'Inspect pump strainer basket — clean, lid O-ring lubricated', 'Pool Maintenance', 'Equipment Check', 'Equipment Check. Equipment needed: Manual check, silicone grease.', 'Source: Apartment Inspection — Common A Row 62', 'Manual check, silicone grease', 'high', true) on conflict (id) do update set template_key = excluded.template_key, sort_order = excluded.sort_order, name = excluded.name, category = excluded.category, inspection_type = excluded.inspection_type, description = excluded.description, how_to = excluded.how_to, equipment_needed = excluded.equipment_needed, severity = excluded.severity, is_active = true, updated_at = now();
insert into public.inspection_checklist_items (id, template_key, sort_order, name, category, inspection_type, description, how_to, equipment_needed, severity, is_active) values ('society-swimming-pool-167', 'society-swimming-pool', 10, 'Check UV sanitiser lamp (if installed) — status indicator green', 'Pool Maintenance', 'Equipment Check', 'Equipment Check. Equipment needed: Manual check (control panel).', 'Source: Apartment Inspection — Common A Row 63', 'Manual check (control panel)', 'high', true) on conflict (id) do update set template_key = excluded.template_key, sort_order = excluded.sort_order, name = excluded.name, category = excluded.category, inspection_type = excluded.inspection_type, description = excluded.description, how_to = excluded.how_to, equipment_needed = excluded.equipment_needed, severity = excluded.severity, is_active = true, updated_at = now();
insert into public.inspection_checklist_items (id, template_key, sort_order, name, category, inspection_type, description, how_to, equipment_needed, severity, is_active) values ('society-swimming-pool-168', 'society-swimming-pool', 11, 'Verify chemical dosing pump primes correctly and dosing rate is set', 'Pool Maintenance', 'Equipment Check', 'Equipment Check. Equipment needed: Manual check (run cycle).', 'Source: Apartment Inspection — Common A Row 64', 'Manual check (run cycle)', 'critical', true) on conflict (id) do update set template_key = excluded.template_key, sort_order = excluded.sort_order, name = excluded.name, category = excluded.category, inspection_type = excluded.inspection_type, description = excluded.description, how_to = excluded.how_to, equipment_needed = excluded.equipment_needed, severity = excluded.severity, is_active = true, updated_at = now();
insert into public.inspection_checklist_items (id, template_key, sort_order, name, category, inspection_type, description, how_to, equipment_needed, severity, is_active) values ('society-swimming-pool-169', 'society-swimming-pool', 12, 'Inspect pool heater (if installed) — no error codes, heat exchanger not scaled', 'Pool Maintenance', 'Equipment Check', 'Equipment Check. Equipment needed: Manual check (heater panel).', 'Source: Apartment Inspection — Common A Row 65', 'Manual check (heater panel)', 'medium', true) on conflict (id) do update set template_key = excluded.template_key, sort_order = excluded.sort_order, name = excluded.name, category = excluded.category, inspection_type = excluded.inspection_type, description = excluded.description, how_to = excluded.how_to, equipment_needed = excluded.equipment_needed, severity = excluded.severity, is_active = true, updated_at = now();
insert into public.inspection_checklist_items (id, template_key, sort_order, name, category, inspection_type, description, how_to, equipment_needed, severity, is_active) values ('society-swimming-pool-170', 'society-swimming-pool', 13, 'Walk pool deck — check anti-slip tiles, drain clearance, no slip risk', 'Pool Maintenance', 'Deck Safety Check', 'Deck Safety Check. Equipment needed: Manual check.', 'Source: Apartment Inspection — Common A Row 66', 'Manual check', 'high', true) on conflict (id) do update set template_key = excluded.template_key, sort_order = excluded.sort_order, name = excluded.name, category = excluded.category, inspection_type = excluded.inspection_type, description = excluded.description, how_to = excluded.how_to, equipment_needed = excluded.equipment_needed, severity = excluded.severity, is_active = true, updated_at = now();
insert into public.inspection_checklist_items (id, template_key, sort_order, name, category, inspection_type, description, how_to, equipment_needed, severity, is_active) values ('society-swimming-pool-171', 'society-swimming-pool', 14, 'Verify depth markers painted at all depth change points — legible from deck', 'Pool Maintenance', 'Deck Safety Check', 'Deck Safety Check. Equipment needed: Manual check.', 'Source: Apartment Inspection — Common A Row 67', 'Manual check', 'critical', true) on conflict (id) do update set template_key = excluded.template_key, sort_order = excluded.sort_order, name = excluded.name, category = excluded.category, inspection_type = excluded.inspection_type, description = excluded.description, how_to = excluded.how_to, equipment_needed = excluded.equipment_needed, severity = excluded.severity, is_active = true, updated_at = now();
insert into public.inspection_checklist_items (id, template_key, sort_order, name, category, inspection_type, description, how_to, equipment_needed, severity, is_active) values ('society-swimming-pool-172', 'society-swimming-pool', 15, 'Check pool safety rope and float line — divides shallow from deep end', 'Pool Maintenance', 'Deck Safety Check', 'Deck Safety Check. Equipment needed: Manual check.', 'Source: Apartment Inspection — Common A Row 68', 'Manual check', 'critical', true) on conflict (id) do update set template_key = excluded.template_key, sort_order = excluded.sort_order, name = excluded.name, category = excluded.category, inspection_type = excluded.inspection_type, description = excluded.description, how_to = excluded.how_to, equipment_needed = excluded.equipment_needed, severity = excluded.severity, is_active = true, updated_at = now();
insert into public.inspection_checklist_items (id, template_key, sort_order, name, category, inspection_type, description, how_to, equipment_needed, severity, is_active) values ('society-swimming-pool-173', 'society-swimming-pool', 16, 'Check rescue equipment — reaching pole, ring buoy, first aid kit accessible', 'Pool Maintenance', 'Deck Safety Check', 'Deck Safety Check. Equipment needed: Manual check.', 'Source: Apartment Inspection — Common A Row 69', 'Manual check', 'critical', true) on conflict (id) do update set template_key = excluded.template_key, sort_order = excluded.sort_order, name = excluded.name, category = excluded.category, inspection_type = excluded.inspection_type, description = excluded.description, how_to = excluded.how_to, equipment_needed = excluded.equipment_needed, severity = excluded.severity, is_active = true, updated_at = now();
insert into public.inspection_checklist_items (id, template_key, sort_order, name, category, inspection_type, description, how_to, equipment_needed, severity, is_active) values ('society-swimming-pool-174', 'society-swimming-pool', 17, 'Inspect pool changing room / shower area — clean, drains clear, no mould', 'Pool Maintenance', 'Deck Safety Check', 'Deck Safety Check. Equipment needed: Manual check.', 'Source: Apartment Inspection — Common A Row 70', 'Manual check', 'high', true) on conflict (id) do update set template_key = excluded.template_key, sort_order = excluded.sort_order, name = excluded.name, category = excluded.category, inspection_type = excluded.inspection_type, description = excluded.description, how_to = excluded.how_to, equipment_needed = excluded.equipment_needed, severity = excluded.severity, is_active = true, updated_at = now();
insert into public.inspection_checklist_templates (template_key, inspection_kind, name, icon_name, sort_order, is_default, is_active) values ('society-gymnasium', 'society', 'Gymnasium', 'business', 17, true, true) on conflict (template_key) do update set inspection_kind = excluded.inspection_kind, name = excluded.name, icon_name = excluded.icon_name, sort_order = excluded.sort_order, is_default = excluded.is_default, is_active = true, updated_at = now();
insert into public.inspection_checklist_items (id, template_key, sort_order, name, category, inspection_type, description, how_to, equipment_needed, severity, is_active) values ('society-gymnasium-175', 'society-gymnasium', 0, 'Inspect all gym machines — cables, pulleys, seat pins, safety stops operational', 'Amenities', 'Gym Equipment Check', 'Gym Equipment Check. Equipment needed: Manual check (test each machine).', 'Source: Apartment Inspection — Common A Row 171', 'Manual check (test each machine)', 'high', true) on conflict (id) do update set template_key = excluded.template_key, sort_order = excluded.sort_order, name = excluded.name, category = excluded.category, inspection_type = excluded.inspection_type, description = excluded.description, how_to = excluded.how_to, equipment_needed = excluded.equipment_needed, severity = excluded.severity, is_active = true, updated_at = now();
insert into public.inspection_checklist_items (id, template_key, sort_order, name, category, inspection_type, description, how_to, equipment_needed, severity, is_active) values ('society-gymnasium-176', 'society-gymnasium', 1, 'Check gym flooring — rubber mat not lifting, no trip hazard at mat joints', 'Amenities', 'Gym Equipment Check', 'Gym Equipment Check. Equipment needed: Manual check.', 'Source: Apartment Inspection — Common A Row 172', 'Manual check', 'high', true) on conflict (id) do update set template_key = excluded.template_key, sort_order = excluded.sort_order, name = excluded.name, category = excluded.category, inspection_type = excluded.inspection_type, description = excluded.description, how_to = excluded.how_to, equipment_needed = excluded.equipment_needed, severity = excluded.severity, is_active = true, updated_at = now();
insert into public.inspection_checklist_items (id, template_key, sort_order, name, category, inspection_type, description, how_to, equipment_needed, severity, is_active) values ('society-gymnasium-177', 'society-gymnasium', 2, 'Inspect gym AC and ventilation — adequate airflow for exercise load', 'Amenities', 'Gym Equipment Check', 'Gym Equipment Check. Equipment needed: Manual check (run AC, feel airflow).', 'Source: Apartment Inspection — Common A Row 173', 'Manual check (run AC, feel airflow)', 'medium', true) on conflict (id) do update set template_key = excluded.template_key, sort_order = excluded.sort_order, name = excluded.name, category = excluded.category, inspection_type = excluded.inspection_type, description = excluded.description, how_to = excluded.how_to, equipment_needed = excluded.equipment_needed, severity = excluded.severity, is_active = true, updated_at = now();
insert into public.inspection_checklist_items (id, template_key, sort_order, name, category, inspection_type, description, how_to, equipment_needed, severity, is_active) values ('society-gymnasium-178', 'society-gymnasium', 3, 'Test gym emergency call button or intercom — connects to security post', 'Amenities', 'Gym Equipment Check', 'Gym Equipment Check. Equipment needed: Manual check.', 'Source: Apartment Inspection — Common A Row 174', 'Manual check', 'critical', true) on conflict (id) do update set template_key = excluded.template_key, sort_order = excluded.sort_order, name = excluded.name, category = excluded.category, inspection_type = excluded.inspection_type, description = excluded.description, how_to = excluded.how_to, equipment_needed = excluded.equipment_needed, severity = excluded.severity, is_active = true, updated_at = now();
insert into public.inspection_checklist_items (id, template_key, sort_order, name, category, inspection_type, description, how_to, equipment_needed, severity, is_active) values ('society-gymnasium-179', 'society-gymnasium', 4, 'Check fire extinguisher in gym — pressure, pin, bracket secure', 'Fire Safety', 'Extinguisher Check', 'Extinguisher Check. Equipment needed: Manual check.', 'Source: Apartment Inspection — Common A Row 135', 'Manual check', 'critical', true) on conflict (id) do update set template_key = excluded.template_key, sort_order = excluded.sort_order, name = excluded.name, category = excluded.category, inspection_type = excluded.inspection_type, description = excluded.description, how_to = excluded.how_to, equipment_needed = excluded.equipment_needed, severity = excluded.severity, is_active = true, updated_at = now();
insert into public.inspection_checklist_templates (template_key, inspection_kind, name, icon_name, sort_order, is_default, is_active) values ('society-children-s-play-area', 'society', 'Children''S Play Area', 'business', 18, true, true) on conflict (template_key) do update set inspection_kind = excluded.inspection_kind, name = excluded.name, icon_name = excluded.icon_name, sort_order = excluded.sort_order, is_default = excluded.is_default, is_active = true, updated_at = now();
insert into public.inspection_checklist_items (id, template_key, sort_order, name, category, inspection_type, description, how_to, equipment_needed, severity, is_active) values ('society-children-s-play-area-180', 'society-children-s-play-area', 0, 'Inspect all play equipment — no sharp edges, no broken components, no loose fasteners', 'Amenities', 'Children''s Play Area Check', 'Children''s Play Area Check. Equipment needed: Manual check, gloves.', 'Source: Apartment Inspection — Common A Row 175', 'Manual check, gloves', 'critical', true) on conflict (id) do update set template_key = excluded.template_key, sort_order = excluded.sort_order, name = excluded.name, category = excluded.category, inspection_type = excluded.inspection_type, description = excluded.description, how_to = excluded.how_to, equipment_needed = excluded.equipment_needed, severity = excluded.severity, is_active = true, updated_at = now();
insert into public.inspection_checklist_items (id, template_key, sort_order, name, category, inspection_type, description, how_to, equipment_needed, severity, is_active) values ('society-children-s-play-area-181', 'society-children-s-play-area', 1, 'Check play area surfacing (rubber mulch or poured rubber) — no hard spots or gaps', 'Amenities', 'Children''s Play Area Check', 'Children''s Play Area Check. Equipment needed: Manual check (press surface).', 'Source: Apartment Inspection — Common A Row 176', 'Manual check (press surface)', 'critical', true) on conflict (id) do update set template_key = excluded.template_key, sort_order = excluded.sort_order, name = excluded.name, category = excluded.category, inspection_type = excluded.inspection_type, description = excluded.description, how_to = excluded.how_to, equipment_needed = excluded.equipment_needed, severity = excluded.severity, is_active = true, updated_at = now();
insert into public.inspection_checklist_items (id, template_key, sort_order, name, category, inspection_type, description, how_to, equipment_needed, severity, is_active) values ('society-children-s-play-area-182', 'society-children-s-play-area', 2, 'Inspect perimeter fencing — no gaps a child could pass through', 'Amenities', 'Children''s Play Area Check', 'Children''s Play Area Check. Equipment needed: Manual check.', 'Source: Apartment Inspection — Common A Row 177', 'Manual check', 'critical', true) on conflict (id) do update set template_key = excluded.template_key, sort_order = excluded.sort_order, name = excluded.name, category = excluded.category, inspection_type = excluded.inspection_type, description = excluded.description, how_to = excluded.how_to, equipment_needed = excluded.equipment_needed, severity = excluded.severity, is_active = true, updated_at = now();
insert into public.inspection_checklist_items (id, template_key, sort_order, name, category, inspection_type, description, how_to, equipment_needed, severity, is_active) values ('society-children-s-play-area-183', 'society-children-s-play-area', 3, 'Verify area is free from hazards — broken glass, sharp objects, pet waste', 'Amenities', 'Children''s Play Area Check', 'Children''s Play Area Check. Equipment needed: Manual check, gloves.', 'Source: Apartment Inspection — Common A Row 178', 'Manual check, gloves', 'critical', true) on conflict (id) do update set template_key = excluded.template_key, sort_order = excluded.sort_order, name = excluded.name, category = excluded.category, inspection_type = excluded.inspection_type, description = excluded.description, how_to = excluded.how_to, equipment_needed = excluded.equipment_needed, severity = excluded.severity, is_active = true, updated_at = now();
insert into public.inspection_checklist_items (id, template_key, sort_order, name, category, inspection_type, description, how_to, equipment_needed, severity, is_active) values ('society-children-s-play-area-184', 'society-children-s-play-area', 4, 'Inspect mosquito breeding points — standing water in containers or hollows', 'Pest Control', 'Mosquito Check', 'Mosquito Check. Equipment needed: Manual check, gloves.', 'Source: Apartment Inspection — Common A Row 44', 'Manual check, gloves', 'critical', true) on conflict (id) do update set template_key = excluded.template_key, sort_order = excluded.sort_order, name = excluded.name, category = excluded.category, inspection_type = excluded.inspection_type, description = excluded.description, how_to = excluded.how_to, equipment_needed = excluded.equipment_needed, severity = excluded.severity, is_active = true, updated_at = now();
insert into public.inspection_checklist_templates (template_key, inspection_kind, name, icon_name, sort_order, is_default, is_active) values ('society-clubhouse-community-hall', 'society', 'Clubhouse / Community Hall', 'business', 19, true, true) on conflict (template_key) do update set inspection_kind = excluded.inspection_kind, name = excluded.name, icon_name = excluded.icon_name, sort_order = excluded.sort_order, is_default = excluded.is_default, is_active = true, updated_at = now();
insert into public.inspection_checklist_items (id, template_key, sort_order, name, category, inspection_type, description, how_to, equipment_needed, severity, is_active) values ('society-clubhouse-community-hall-185', 'society-clubhouse-community-hall', 0, 'Inspect clubhouse floor, ceiling, and furniture — clean, no damage', 'Amenities', 'Clubhouse / Community Hall Check', 'Clubhouse / Community Hall Check. Equipment needed: Manual check.', 'Source: Apartment Inspection — Common A Row 179', 'Manual check', 'medium', true) on conflict (id) do update set template_key = excluded.template_key, sort_order = excluded.sort_order, name = excluded.name, category = excluded.category, inspection_type = excluded.inspection_type, description = excluded.description, how_to = excluded.how_to, equipment_needed = excluded.equipment_needed, severity = excluded.severity, is_active = true, updated_at = now();
insert into public.inspection_checklist_items (id, template_key, sort_order, name, category, inspection_type, description, how_to, equipment_needed, severity, is_active) values ('society-clubhouse-community-hall-186', 'society-clubhouse-community-hall', 1, 'Test AV equipment — projector/TV, mic, speakers operational', 'Amenities', 'Clubhouse / Community Hall Check', 'Clubhouse / Community Hall Check. Equipment needed: Manual check (power on each device).', 'Source: Apartment Inspection — Common A Row 180', 'Manual check (power on each device)', 'low', true) on conflict (id) do update set template_key = excluded.template_key, sort_order = excluded.sort_order, name = excluded.name, category = excluded.category, inspection_type = excluded.inspection_type, description = excluded.description, how_to = excluded.how_to, equipment_needed = excluded.equipment_needed, severity = excluded.severity, is_active = true, updated_at = now();
insert into public.inspection_checklist_items (id, template_key, sort_order, name, category, inspection_type, description, how_to, equipment_needed, severity, is_active) values ('society-clubhouse-community-hall-187', 'society-clubhouse-community-hall', 2, 'Check fire safety compliance — extinguisher, exit signage, capacity sign', 'Amenities', 'Clubhouse / Community Hall Check', 'Clubhouse / Community Hall Check. Equipment needed: Manual check.', 'Source: Apartment Inspection — Common A Row 181', 'Manual check', 'critical', true) on conflict (id) do update set template_key = excluded.template_key, sort_order = excluded.sort_order, name = excluded.name, category = excluded.category, inspection_type = excluded.inspection_type, description = excluded.description, how_to = excluded.how_to, equipment_needed = excluded.equipment_needed, severity = excluded.severity, is_active = true, updated_at = now();
insert into public.inspection_checklist_items (id, template_key, sort_order, name, category, inspection_type, description, how_to, equipment_needed, severity, is_active) values ('society-clubhouse-community-hall-188', 'society-clubhouse-community-hall', 3, 'Test access control reader at clubhouse entry — authorised cards only', 'Security', 'Access Control Check', 'Access Control Check. Equipment needed: Access card set, manual check.', 'Source: Apartment Inspection — Common A Row 169', 'Access card set, manual check', 'high', true) on conflict (id) do update set template_key = excluded.template_key, sort_order = excluded.sort_order, name = excluded.name, category = excluded.category, inspection_type = excluded.inspection_type, description = excluded.description, how_to = excluded.how_to, equipment_needed = excluded.equipment_needed, severity = excluded.severity, is_active = true, updated_at = now();
insert into public.inspection_checklist_templates (template_key, inspection_kind, name, icon_name, sort_order, is_default, is_active) values ('society-common-areas-pest-control', 'society', 'Common Areas — Pest Control', 'business', 20, true, true) on conflict (template_key) do update set inspection_kind = excluded.inspection_kind, name = excluded.name, icon_name = excluded.icon_name, sort_order = excluded.sort_order, is_default = excluded.is_default, is_active = true, updated_at = now();
insert into public.inspection_checklist_items (id, template_key, sort_order, name, category, inspection_type, description, how_to, equipment_needed, severity, is_active) values ('society-common-areas-pest-control-189', 'society-common-areas-pest-control', 0, 'Check pest control treatment log — last spray date and chemical used', 'Pest Control', 'Pest Activity Check', 'Pest Activity Check. Equipment needed: Pest log register.', 'Source: Apartment Inspection — Common A Row 40', 'Pest log register', 'high', true) on conflict (id) do update set template_key = excluded.template_key, sort_order = excluded.sort_order, name = excluded.name, category = excluded.category, inspection_type = excluded.inspection_type, description = excluded.description, how_to = excluded.how_to, equipment_needed = excluded.equipment_needed, severity = excluded.severity, is_active = true, updated_at = now();
insert into public.inspection_checklist_items (id, template_key, sort_order, name, category, inspection_type, description, how_to, equipment_needed, severity, is_active) values ('society-common-areas-pest-control-190', 'society-common-areas-pest-control', 1, 'Check bait stations for consumption; inspect for fresh rodent droppings', 'Pest Control', 'Rodent Activity Check', 'Rodent Activity Check. Equipment needed: Torch, gloves.', 'Source: Apartment Inspection — Common A Row 46', 'Torch, gloves', 'high', true) on conflict (id) do update set template_key = excluded.template_key, sort_order = excluded.sort_order, name = excluded.name, category = excluded.category, inspection_type = excluded.inspection_type, description = excluded.description, how_to = excluded.how_to, equipment_needed = excluded.equipment_needed, severity = excluded.severity, is_active = true, updated_at = now();
insert into public.inspection_checklist_items (id, template_key, sort_order, name, category, inspection_type, description, how_to, equipment_needed, severity, is_active) values ('society-common-areas-pest-control-191', 'society-common-areas-pest-control', 2, 'Inspect ground floor common area wood and door frames for termite mud trails', 'Pest Control', 'Termite Check', 'Termite Check. Equipment needed: Torch, screwdriver (tap test).', 'Source: Apartment Inspection — Common A Row 49', 'Torch, screwdriver (tap test)', 'high', true) on conflict (id) do update set template_key = excluded.template_key, sort_order = excluded.sort_order, name = excluded.name, category = excluded.category, inspection_type = excluded.inspection_type, description = excluded.description, how_to = excluded.how_to, equipment_needed = excluded.equipment_needed, severity = excluded.severity, is_active = true, updated_at = now();
insert into public.inspection_checklist_items (id, template_key, sort_order, name, category, inspection_type, description, how_to, equipment_needed, severity, is_active) values ('society-common-areas-pest-control-192', 'society-common-areas-pest-control', 3, 'Tap common area wooden notice boards, benches for hollow sound (termites)', 'Pest Control', 'Termite Check', 'Termite Check. Equipment needed: Screwdriver handle (tap test).', 'Source: Apartment Inspection — Common A Row 50', 'Screwdriver handle (tap test)', 'high', true) on conflict (id) do update set template_key = excluded.template_key, sort_order = excluded.sort_order, name = excluded.name, category = excluded.category, inspection_type = excluded.inspection_type, description = excluded.description, how_to = excluded.how_to, equipment_needed = excluded.equipment_needed, severity = excluded.severity, is_active = true, updated_at = now();
insert into public.inspection_checklist_items (id, template_key, sort_order, name, category, inspection_type, description, how_to, equipment_needed, severity, is_active) values ('society-common-areas-pest-control-193', 'society-common-areas-pest-control', 4, 'Verify anti-termite soil treatment done in last 12 months — check certificate', 'Pest Control', 'Termite Check', 'Termite Check. Equipment needed: Vendor certificate / pest log.', 'Source: Apartment Inspection — Common A Row 52', 'Vendor certificate / pest log', 'critical', true) on conflict (id) do update set template_key = excluded.template_key, sort_order = excluded.sort_order, name = excluded.name, category = excluded.category, inspection_type = excluded.inspection_type, description = excluded.description, how_to = excluded.how_to, equipment_needed = excluded.equipment_needed, severity = excluded.severity, is_active = true, updated_at = now();
insert into public.inspection_checklist_items (id, template_key, sort_order, name, category, inspection_type, description, how_to, equipment_needed, severity, is_active) values ('society-common-areas-pest-control-194', 'society-common-areas-pest-control', 5, 'Seal common area pipe entry points through walls — steel wool and plaster', 'Pest Control', 'Rodent Activity Check', 'Rodent Activity Check. Equipment needed: Torch, gloves.', 'Source: Apartment Inspection — Common A Row 48', 'Torch, gloves', 'high', true) on conflict (id) do update set template_key = excluded.template_key, sort_order = excluded.sort_order, name = excluded.name, category = excluded.category, inspection_type = excluded.inspection_type, description = excluded.description, how_to = excluded.how_to, equipment_needed = excluded.equipment_needed, severity = excluded.severity, is_active = true, updated_at = now();
insert into public.inspection_checklist_templates (template_key, inspection_kind, name, icon_name, sort_order, is_default, is_active) values ('society-whole-building', 'society', 'Whole Building', 'business', 21, true, true) on conflict (template_key) do update set inspection_kind = excluded.inspection_kind, name = excluded.name, icon_name = excluded.icon_name, sort_order = excluded.sort_order, is_default = excluded.is_default, is_active = true, updated_at = now();
insert into public.inspection_checklist_items (id, template_key, sort_order, name, category, inspection_type, description, how_to, equipment_needed, severity, is_active) values ('society-whole-building-195', 'society-whole-building', 0, 'Conduct quarterly fire evacuation drill — record time to clear building', 'Fire Safety', 'Evacuation Drill', 'Evacuation Drill. Equipment needed: Drill log sheet, stopwatch.', 'Source: Apartment Inspection — Common A Row 150', 'Drill log sheet, stopwatch', 'critical', true) on conflict (id) do update set template_key = excluded.template_key, sort_order = excluded.sort_order, name = excluded.name, category = excluded.category, inspection_type = excluded.inspection_type, description = excluded.description, how_to = excluded.how_to, equipment_needed = excluded.equipment_needed, severity = excluded.severity, is_active = true, updated_at = now();
insert into public.inspection_checklist_items (id, template_key, sort_order, name, category, inspection_type, description, how_to, equipment_needed, severity, is_active) values ('society-whole-building-196', 'society-whole-building', 1, 'Verify assembly point is clearly marked, unobstructed, residents know location', 'Fire Safety', 'Evacuation Drill', 'Evacuation Drill. Equipment needed: Manual check.', 'Source: Apartment Inspection — Common A Row 151', 'Manual check', 'critical', true) on conflict (id) do update set template_key = excluded.template_key, sort_order = excluded.sort_order, name = excluded.name, category = excluded.category, inspection_type = excluded.inspection_type, description = excluded.description, how_to = excluded.how_to, equipment_needed = excluded.equipment_needed, severity = excluded.severity, is_active = true, updated_at = now();
insert into public.inspection_checklist_items (id, template_key, sort_order, name, category, inspection_type, description, how_to, equipment_needed, severity, is_active) values ('society-whole-building-197', 'society-whole-building', 2, 'Test fire alarm panel — all zones Normal; test one smoke detector per zone per quarter', 'Fire Safety', 'Alarm Panel Check', 'Alarm Panel Check. Equipment needed: Test aerosol or smoke match, fire panel.', 'Source: Apartment Inspection — Common A Row 144', 'Test aerosol or smoke match, fire panel', 'critical', true) on conflict (id) do update set template_key = excluded.template_key, sort_order = excluded.sort_order, name = excluded.name, category = excluded.category, inspection_type = excluded.inspection_type, description = excluded.description, how_to = excluded.how_to, equipment_needed = excluded.equipment_needed, severity = excluded.severity, is_active = true, updated_at = now();
insert into public.inspection_checklist_items (id, template_key, sort_order, name, category, inspection_type, description, how_to, equipment_needed, severity, is_active) values ('society-whole-building-198', 'society-whole-building', 3, 'Check panel battery backup — disconnect mains, panel stays active minimum 24 hours', 'Fire Safety', 'Alarm Panel Check', 'Alarm Panel Check. Equipment needed: Manual check (disconnect mains temporarily).', 'Source: Apartment Inspection — Common A Row 145', 'Manual check (disconnect mains temporarily)', 'critical', true) on conflict (id) do update set template_key = excluded.template_key, sort_order = excluded.sort_order, name = excluded.name, category = excluded.category, inspection_type = excluded.inspection_type, description = excluded.description, how_to = excluded.how_to, equipment_needed = excluded.equipment_needed, severity = excluded.severity, is_active = true, updated_at = now();
insert into public.inspection_checklist_items (id, template_key, sort_order, name, category, inspection_type, description, how_to, equipment_needed, severity, is_active) values ('society-whole-building-199', 'society-whole-building', 4, 'Verify annual statutory inspection of lifts is current', 'Lift & Elevator', 'Motor Room Check', 'Motor Room Check. Equipment needed: Manual check (certificate date).', 'Source: Apartment Inspection — Common A Row 125', 'Manual check (certificate date)', 'critical', true) on conflict (id) do update set template_key = excluded.template_key, sort_order = excluded.sort_order, name = excluded.name, category = excluded.category, inspection_type = excluded.inspection_type, description = excluded.description, how_to = excluded.how_to, equipment_needed = excluded.equipment_needed, severity = excluded.severity, is_active = true, updated_at = now();
insert into public.inspection_checklist_items (id, template_key, sort_order, name, category, inspection_type, description, how_to, equipment_needed, severity, is_active) values ('society-whole-building-200', 'society-whole-building', 5, 'Inspect external building façade annually — rope access or gondola visual survey', 'Civil & Structural', 'Crack & Seepage Inspection', 'Crack & Seepage Inspection. Equipment needed: Rope access team (annual).', 'Source: Apartment Inspection — Common A Row 105', 'Rope access team (annual)', 'critical', true) on conflict (id) do update set template_key = excluded.template_key, sort_order = excluded.sort_order, name = excluded.name, category = excluded.category, inspection_type = excluded.inspection_type, description = excluded.description, how_to = excluded.how_to, equipment_needed = excluded.equipment_needed, severity = excluded.severity, is_active = true, updated_at = now();
insert into public.inspection_checklist_templates (template_key, inspection_kind, name, icon_name, sort_order, is_default, is_active) values ('society-total-inspection-items-200-rooms-areas-22', 'society', 'Total Inspection Items: 200 | Rooms / Areas: 22', 'business', 22, true, true) on conflict (template_key) do update set inspection_kind = excluded.inspection_kind, name = excluded.name, icon_name = excluded.icon_name, sort_order = excluded.sort_order, is_default = excluded.is_default, is_active = true, updated_at = now();

commit;

notify pgrst, 'reload schema';

select
  inspection_kind,
  count(*) as templates
from public.inspection_checklist_templates
group by inspection_kind
order by inspection_kind;

select count(*) as checklist_items
from public.inspection_checklist_items;
